473,
_Path,_Tag
../../Tools/Bin/Resources/Textures/UI/UIT_SubTItleIcon_Bag2.dds,Prototype_Component_Texture_UI_SubTItleIcon_Bag2
../../Tools/Bin/Resources/Textures/UI/UIT_SubTItleIcon_Menu.dds,Prototype_Component_Texture_UI_SubTItleIcon_Menu
../../Tools/Bin/Resources/Textures/UI/UIT_SubTItleIcon_Pouch.dds,Prototype_Component_Texture_UI_SubTItleIcon_Pouch
../../Tools/Bin/Resources/Textures/UI/UIT_TeleportLocation_Select_Icon.dds,Prototype_Component_Texture_UI_TeleportLocation_Select_Icon
../../Tools/Bin/Resources/Textures/UI/UIT_TeleportLocation_Torsioncoil_KeyDeco.dds,Prototype_Component_Texture_UI_TeleportLocation_Torsioncoil_KeyDeco
../../Tools/Bin/Resources/Textures/UI/UIT_TeleportLocation_UseLocationIcon.dds,Prototype_Component_Texture_UI_TeleportLocation_UseLocationIcon
../../Tools/Bin/Resources/Textures/UI/UIT_Texture.dds,Prototype_Component_Texture_UI_Texture
../../Tools/Bin/Resources/Textures/UI/UIT_Thumb_Stepper.dds,Prototype_Component_Texture_UI_Thumb_Stepper
../../Tools/Bin/Resources/Textures/UI/UIT_Timer_Guage.dds,Prototype_Component_Texture_UI_Timer_Guage
../../Tools/Bin/Resources/Textures/UI/UIT_Timer_Needle.dds,Prototype_Component_Texture_UI_Timer_Needle
../../Tools/Bin/Resources/Textures/UI/UIT_Toggle_Bg.dds,Prototype_Component_Texture_UI_Toggle_Bg
../../Tools/Bin/Resources/Textures/UI/UIT_Toggle_Frame.dds,Prototype_Component_Texture_UI_Toggle_Frame
../../Tools/Bin/Resources/Textures/UI/UIT_Weapon.dds,Prototype_Component_Texture_UI_Weapon
../../Tools/Bin/Resources/Textures/UI/UIT_WPComponent.dds,Prototype_Component_Texture_UI_WPComponent
../../Tools/Bin/Resources/Textures/UI/Icon_Blank.dds,Prototype_Component_Texture_UI__Blank
../../Tools/Bin/Resources/Textures/UI/UIT_Acc.dds,Prototype_Component_Texture_UI_Acc
../../Tools/Bin/Resources/Textures/UI/UIT_Achievement_Trophy_Bronze.dds,Prototype_Component_Texture_UI_Achievement_Trophy_Bronze
../../Tools/Bin/Resources/Textures/UI/UIT_Achievement_Trophy_Gold.dds,Prototype_Component_Texture_UI_Achievement_Trophy_Gold
../../Tools/Bin/Resources/Textures/UI/UIT_Achievement_Trophy_Platinum.dds,Prototype_Component_Texture_UI_Achievement_Trophy_Platinum
../../Tools/Bin/Resources/Textures/UI/UIT_Achievement_Trophy_Silver.dds,Prototype_Component_Texture_UI_Achievement_Trophy_Silver
../../Tools/Bin/Resources/Textures/UI/UIT_Alert_Kill_ActionDeco.dds,Prototype_Component_Texture_UI_Alert_Kill_ActionDeco
../../Tools/Bin/Resources/Textures/UI/UIT_Alert_Kill_Carcass.dds,Prototype_Component_Texture_UI_Alert_Kill_Carcass
../../Tools/Bin/Resources/Textures/UI/UIT_Alert_Kill_Carcuss_BG.dds,Prototype_Component_Texture_UI_Alert_Kill_Carcuss_BG
../../Tools/Bin/Resources/Textures/UI/UIT_Alert_Kill_Exile.dds,Prototype_Component_Texture_UI_Alert_Kill_Exile
../../Tools/Bin/Resources/Textures/UI/UIT_Alert_Kill_Exile_BG.dds,Prototype_Component_Texture_UI_Alert_Kill_Exile_BG
../../Tools/Bin/Resources/Textures/UI/UIT_Alert_Kill_Puppet.dds,Prototype_Component_Texture_UI_Alert_Kill_Puppet
../../Tools/Bin/Resources/Textures/UI/UIT_Alert_Kill_Puppet_BG.dds,Prototype_Component_Texture_UI_Alert_Kill_Puppet_BG
../../Tools/Bin/Resources/Textures/UI/UIT_Alert_Kill_Reborner.dds,Prototype_Component_Texture_UI_Alert_Kill_Reborner
../../Tools/Bin/Resources/Textures/UI/UIT_Alert_Kill_Reborner_BG.dds,Prototype_Component_Texture_UI_Alert_Kill_Reborner_BG
../../Tools/Bin/Resources/Textures/UI/UIT_Alert_Kill_Stalker.dds,Prototype_Component_Texture_UI_Alert_Kill_Stalker
../../Tools/Bin/Resources/Textures/UI/UIT_Alert_Kill_Stalker_BG.dds,Prototype_Component_Texture_UI_Alert_Kill_Stalker_BG
../../Tools/Bin/Resources/Textures/UI/UIT_Alert_TorsionCoil_Text.dds,Prototype_Component_Texture_UI_Alert_TorsionCoil_Text
../../Tools/Bin/Resources/Textures/UI/UIT_Alert_Watch_B_1.dds,Prototype_Component_Texture_UI_Alert_Watch_B_1
../../Tools/Bin/Resources/Textures/UI/UIT_Alert_Watch_B_4.dds,Prototype_Component_Texture_UI_Alert_Watch_B_4
../../Tools/Bin/Resources/Textures/UI/UIT_Alert_Watch_Gear1.dds,Prototype_Component_Texture_UI_Alert_Watch_Gear1
../../Tools/Bin/Resources/Textures/UI/UIT_Alert_Watch_Gear2.dds,Prototype_Component_Texture_UI_Alert_Watch_Gear2
../../Tools/Bin/Resources/Textures/UI/UIT_Alert_Watch_Gear3.dds,Prototype_Component_Texture_UI_Alert_Watch_Gear3
../../Tools/Bin/Resources/Textures/UI/UIT_Alert_Watch_Needle1.dds,Prototype_Component_Texture_UI_Alert_Watch_Needle1
../../Tools/Bin/Resources/Textures/UI/UIT_Alert_Watch_Needle2.dds,Prototype_Component_Texture_UI_Alert_Watch_Needle2
../../Tools/Bin/Resources/Textures/UI/UIT_Alert_Watch_No1.dds,Prototype_Component_Texture_UI_Alert_Watch_No1
../../Tools/Bin/Resources/Textures/UI/UIT_Alert_Watch_No2.dds,Prototype_Component_Texture_UI_Alert_Watch_No2
../../Tools/Bin/Resources/Textures/UI/UIT_Alert_Watch_No3.dds,Prototype_Component_Texture_UI_Alert_Watch_No3
../../Tools/Bin/Resources/Textures/UI/UIT_Alert_Watch_No5.dds,Prototype_Component_Texture_UI_Alert_Watch_No5
../../Tools/Bin/Resources/Textures/UI/UIT_Alert_WatchBG.dds,Prototype_Component_Texture_UI_Alert_WatchBG
../../Tools/Bin/Resources/Textures/UI/UIT_All.dds,Prototype_Component_Texture_UI_All
../../Tools/Bin/Resources/Textures/UI/UIT_BG_Alert_Tutorial.dds,Prototype_Component_Texture_UI_BG_Alert_Tutorial
../../Tools/Bin/Resources/Textures/UI/UIT_BG_Border_W.dds,Prototype_Component_Texture_UI_BG_Border_W
../../Tools/Bin/Resources/Textures/UI/UIT_Bg_BrushDot.dds,Prototype_Component_Texture_UI_Bg_BrushDot
../../Tools/Bin/Resources/Textures/UI/UIT_Bg_BrushPattern.dds,Prototype_Component_Texture_UI_Bg_BrushPattern
../../Tools/Bin/Resources/Textures/UI/UIT_Bg_BrushSide.dds,Prototype_Component_Texture_UI_Bg_BrushSide
../../Tools/Bin/Resources/Textures/UI/UIT_BG_Center.dds,Prototype_Component_Texture_UI_BG_Center
../../Tools/Bin/Resources/Textures/UI/UIT_Bg_Complete.dds,Prototype_Component_Texture_UI_Bg_Complete
../../Tools/Bin/Resources/Textures/UI/UIT_BG_DecoGrid.dds,Prototype_Component_Texture_UI_BG_DecoGrid
../../Tools/Bin/Resources/Textures/UI/UIT_BG_GoldenTree.dds,Prototype_Component_Texture_UI_BG_GoldenTree
../../Tools/Bin/Resources/Textures/UI/UIT_Bg_HUDline_0.dds,Prototype_Component_Texture_UI_Bg_HUDline_0
../../Tools/Bin/Resources/Textures/UI/UIT_BG_Line_Gradation.dds,Prototype_Component_Texture_UI_BG_Line_Gradation
../../Tools/Bin/Resources/Textures/UI/UIT_BG_Line_Gradation_Left.dds,Prototype_Component_Texture_UI_BG_Line_Gradation_Left
../../Tools/Bin/Resources/Textures/UI/UIT_BG_Line_Gradation_Right.dds,Prototype_Component_Texture_UI_BG_Line_Gradation_Right
../../Tools/Bin/Resources/Textures/UI/UIT_BG_ListBar.dds,Prototype_Component_Texture_UI_BG_ListBar
../../Tools/Bin/Resources/Textures/UI/UIT_BG_Location.dds,Prototype_Component_Texture_UI_BG_Location
../../Tools/Bin/Resources/Textures/UI/UIT_BG_Recollection.dds,Prototype_Component_Texture_UI_BG_Recollection
../../Tools/Bin/Resources/Textures/UI/UIT_BG_SecurityPopup.dds,Prototype_Component_Texture_UI_BG_SecurityPopup
../../Tools/Bin/Resources/Textures/UI/UIT_Bg_SideGra.dds,Prototype_Component_Texture_UI_Bg_SideGra
../../Tools/Bin/Resources/Textures/UI/UIT_BG_SketchBorder.dds,Prototype_Component_Texture_UI_BG_SketchBorder
../../Tools/Bin/Resources/Textures/UI/UIT_BG_Slash.dds,Prototype_Component_Texture_UI_BG_Slash
../../Tools/Bin/Resources/Textures/UI/UIT_BG_Slash_Small.dds,Prototype_Component_Texture_UI_BG_Slash_Small
../../Tools/Bin/Resources/Textures/UI/UIT_BG_SlashP.dds,Prototype_Component_Texture_UI_BG_SlashP
../../Tools/Bin/Resources/Textures/UI/UIT_BG_SlavearmUI.dds,Prototype_Component_Texture_UI_BG_SlavearmUI
../../Tools/Bin/Resources/Textures/UI/UIT_Bg_Slot_0.dds,Prototype_Component_Texture_UI_Bg_Slot_0
../../Tools/Bin/Resources/Textures/UI/UIT_BG_Statroom.dds,Prototype_Component_Texture_UI_BG_Statroom
../../Tools/Bin/Resources/Textures/UI/UIT_BG_TimerPattern.dds,Prototype_Component_Texture_UI_BG_TimerPattern
../../Tools/Bin/Resources/Textures/UI/UIT_Bi.dds,Prototype_Component_Texture_UI_Bi
../../Tools/Bin/Resources/Textures/UI/UIT_Blade.dds,Prototype_Component_Texture_UI_Blade
../../Tools/Bin/Resources/Textures/UI/UIT_Blur.dds,Prototype_Component_Texture_UI_Blur
../../Tools/Bin/Resources/Textures/UI/UIT_BodyCostume.dds,Prototype_Component_Texture_UI_BodyCostume
../../Tools/Bin/Resources/Textures/UI/UIT_Border_Complete.dds,Prototype_Component_Texture_UI_Border_Complete
../../Tools/Bin/Resources/Textures/UI/UIT_Brightness_Bright.dds,Prototype_Component_Texture_UI_Brightness_Bright
../../Tools/Bin/Resources/Textures/UI/UIT_Btn_Arrow.dds,Prototype_Component_Texture_UI_Btn_Arrow
../../Tools/Bin/Resources/Textures/UI/UIT_Btn_Hover.dds,Prototype_Component_Texture_UI_Btn_Hover
../../Tools/Bin/Resources/Textures/UI/UIT_CharacterUpgrade_BG_Slot.dds,Prototype_Component_Texture_UI_CharacterUpgrade_BG_Slot
../../Tools/Bin/Resources/Textures/UI/UIT_CleanTitle_Deco.dds,Prototype_Component_Texture_UI_CleanTitle_Deco
../../Tools/Bin/Resources/Textures/UI/UIT_CleanTitle_Deco_Mask.dds,Prototype_Component_Texture_UI_CleanTitle_Deco_Mask
../../Tools/Bin/Resources/Textures/UI/UIT_Collection.dds,Prototype_Component_Texture_UI_Collection
../../Tools/Bin/Resources/Textures/UI/UIT_Common_ListItem_Equip.dds,Prototype_Component_Texture_UI_Common_ListItem_Equip
../../Tools/Bin/Resources/Textures/UI/UIT_Common_Lock.dds,Prototype_Component_Texture_UI_Common_Lock
../../Tools/Bin/Resources/Textures/UI/UIT_Consume.dds,Prototype_Component_Texture_UI_Consume
../../Tools/Bin/Resources/Textures/UI/UIT_Costume.dds,Prototype_Component_Texture_UI_Costume
../../Tools/Bin/Resources/Textures/UI/UIT_Crosshair.dds,Prototype_Component_Texture_UI_Crosshair
../../Tools/Bin/Resources/Textures/UI/UIT_Deco_BarLine.dds,Prototype_Component_Texture_UI_Deco_BarLine
../../Tools/Bin/Resources/Textures/UI/UIT_Deco_BoderSide.dds,Prototype_Component_Texture_UI_Deco_BoderSide
../../Tools/Bin/Resources/Textures/UI/UIT_Deco_CornerLine.dds,Prototype_Component_Texture_UI_Deco_CornerLine
../../Tools/Bin/Resources/Textures/UI/UIT_Deco_CornerTriangle.dds,Prototype_Component_Texture_UI_Deco_CornerTriangle
../../Tools/Bin/Resources/Textures/UI/UIT_Deco_DropErgo.dds,Prototype_Component_Texture_UI_Deco_DropErgo
../../Tools/Bin/Resources/Textures/UI/UIT_Deco_FrameDirt.dds,Prototype_Component_Texture_UI_Deco_FrameDirt
../../Tools/Bin/Resources/Textures/UI/UIT_Deco_QuartzLine_V.dds,Prototype_Component_Texture_UI_Deco_QuartzLine_V
../../Tools/Bin/Resources/Textures/UI/UIT_Deco_WC_01.dds,Prototype_Component_Texture_UI_Deco_WC_01
../../Tools/Bin/Resources/Textures/UI/UIT_Deco_WC_02.dds,Prototype_Component_Texture_UI_Deco_WC_02
../../Tools/Bin/Resources/Textures/UI/UIT_Deco_Weapon_BG_0.dds,Prototype_Component_Texture_UI_Deco_Weapon_BG_0
../../Tools/Bin/Resources/Textures/UI/UIT_Deco_Weapon_BG_1.dds,Prototype_Component_Texture_UI_Deco_Weapon_BG_1
../../Tools/Bin/Resources/Textures/UI/UIT_Dissolve_BG_01.dds,Prototype_Component_Texture_UI_Dissolve_BG_01
../../Tools/Bin/Resources/Textures/UI/UIT_DustLineBox_Deco.dds,Prototype_Component_Texture_UI_DustLineBox_Deco
../../Tools/Bin/Resources/Textures/UI/UIT_ED_Credit_Neowiz.dds,Prototype_Component_Texture_UI_ED_Credit_Neowiz
../../Tools/Bin/Resources/Textures/UI/UIT_ED_Credit_QUASARZONE.dds,Prototype_Component_Texture_UI_ED_Credit_QUASARZONE
../../Tools/Bin/Resources/Textures/UI/UIT_ED_Credit_Round8.dds,Prototype_Component_Texture_UI_ED_Credit_Round8
../../Tools/Bin/Resources/Textures/UI/UIT_ED_Credit_SHINSEGAE_I_C.dds,Prototype_Component_Texture_UI_ED_Credit_SHINSEGAE_I_C
../../Tools/Bin/Resources/Textures/UI/UIT_FableSlot_BG.dds,Prototype_Component_Texture_UI_FableSlot_BG
../../Tools/Bin/Resources/Textures/UI/UIT_FableSlot_Frame.dds,Prototype_Component_Texture_UI_FableSlot_Frame
../../Tools/Bin/Resources/Textures/UI/UIT_FableSlot_Gauge.dds,Prototype_Component_Texture_UI_FableSlot_Gauge
../../Tools/Bin/Resources/Textures/UI/UIT_FableUnit_Active.dds,Prototype_Component_Texture_UI_FableUnit_Active
../../Tools/Bin/Resources/Textures/UI/UIT_FableUnit_Inactive.dds,Prototype_Component_Texture_UI_FableUnit_Inactive
../../Tools/Bin/Resources/Textures/UI/UIT_Fx_Additive_Base.dds,Prototype_Component_Texture_UI_Fx_Additive_Base
../../Tools/Bin/Resources/Textures/UI/UIT_Fx_Additive_Black.dds,Prototype_Component_Texture_UI_Fx_Additive_Black
../../Tools/Bin/Resources/Textures/UI/UIT_Fx_Additive_Blur.dds,Prototype_Component_Texture_UI_Fx_Additive_Blur
../../Tools/Bin/Resources/Textures/UI/UIT_Fx_Additive_Radialspinlight.dds,Prototype_Component_Texture_UI_Fx_Additive_Radialspinlight
../../Tools/Bin/Resources/Textures/UI/UIT_Fx_BeamLightning.dds,Prototype_Component_Texture_UI_Fx_BeamLightning
../../Tools/Bin/Resources/Textures/UI/UIT_Fx_Caustics.dds,Prototype_Component_Texture_UI_Fx_Caustics
../../Tools/Bin/Resources/Textures/UI/UIT_Fx_Cloud.dds,Prototype_Component_Texture_UI_Fx_Cloud
../../Tools/Bin/Resources/Textures/UI/UIT_Fx_Cloud_2.dds,Prototype_Component_Texture_UI_Fx_Cloud_2
../../Tools/Bin/Resources/Textures/UI/UIT_FX_Dissolve.dds,Prototype_Component_Texture_UI_FX_Dissolve
../../Tools/Bin/Resources/Textures/UI/UIT_FX_Effect_01.dds,Prototype_Component_Texture_UI_FX_Effect_01
../../Tools/Bin/Resources/Textures/UI/UIT_Fx_FablePattern.dds,Prototype_Component_Texture_UI_Fx_FablePattern
../../Tools/Bin/Resources/Textures/UI/UIT_FX_Focus.dds,Prototype_Component_Texture_UI_FX_Focus
../../Tools/Bin/Resources/Textures/UI/UIT_Fx_Frame_002.dds,Prototype_Component_Texture_UI_Fx_Frame_002
../../Tools/Bin/Resources/Textures/UI/UIT_FX_Gaugebar_LineSketch.dds,Prototype_Component_Texture_UI_FX_Gaugebar_LineSketch
../../Tools/Bin/Resources/Textures/UI/UIT_FX_Gradation.dds,Prototype_Component_Texture_UI_FX_Gradation
../../Tools/Bin/Resources/Textures/UI/UIT_FX_Gradation_Up.dds,Prototype_Component_Texture_UI_FX_Gradation_Up
../../Tools/Bin/Resources/Textures/UI/UIT_Fx_Gradient_002.dds,Prototype_Component_Texture_UI_Fx_Gradient_002
../../Tools/Bin/Resources/Textures/UI/UIT_Fx_Indicator_Fatal_Active.dds,Prototype_Component_Texture_UI_Fx_Indicator_Fatal_Active
../../Tools/Bin/Resources/Textures/UI/UIT_Fx_LineWave_001.dds,Prototype_Component_Texture_UI_Fx_LineWave_001
../../Tools/Bin/Resources/Textures/UI/UIT_Fx_Maelstrom_002.dds,Prototype_Component_Texture_UI_Fx_Maelstrom_002
../../Tools/Bin/Resources/Textures/UI/UIT_Fx_Noise.dds,Prototype_Component_Texture_UI_Fx_Noise
../../Tools/Bin/Resources/Textures/UI/UIT_Fx_Noise_001.dds,Prototype_Component_Texture_UI_Fx_Noise_001
../../Tools/Bin/Resources/Textures/UI/UIT_Fx_Normal_001.dds,Prototype_Component_Texture_UI_Fx_Normal_001
../../Tools/Bin/Resources/Textures/UI/UIT_Fx_Normal_002.dds,Prototype_Component_Texture_UI_Fx_Normal_002
../../Tools/Bin/Resources/Textures/UI/UIT_Fx_Normal_004.dds,Prototype_Component_Texture_UI_Fx_Normal_004
../../Tools/Bin/Resources/Textures/UI/UIT_Fx_Normal_005.dds,Prototype_Component_Texture_UI_Fx_Normal_005
../../Tools/Bin/Resources/Textures/UI/UIT_Fx_Normal_007.dds,Prototype_Component_Texture_UI_Fx_Normal_007
../../Tools/Bin/Resources/Textures/UI/UIT_Fx_Normal_010.dds,Prototype_Component_Texture_UI_Fx_Normal_010
../../Tools/Bin/Resources/Textures/UI/UIT_Fx_normal_011.dds,Prototype_Component_Texture_UI_Fx_normal_011
../../Tools/Bin/Resources/Textures/UI/UIT_Fx_Pattern_001.dds,Prototype_Component_Texture_UI_Fx_Pattern_001
../../Tools/Bin/Resources/Textures/UI/UIT_Fx_Perlin_Noise_M.dds,Prototype_Component_Texture_UI_Fx_Perlin_Noise_M
../../Tools/Bin/Resources/Textures/UI/UIT_FX_PocketSlot.dds,Prototype_Component_Texture_UI_FX_PocketSlot
../../Tools/Bin/Resources/Textures/UI/UIT_Fx_Smoke.dds,Prototype_Component_Texture_UI_Fx_Smoke
../../Tools/Bin/Resources/Textures/UI/UIT_Fx_SphereRing.dds,Prototype_Component_Texture_UI_Fx_SphereRing
../../Tools/Bin/Resources/Textures/UI/UIT_FX_Square.dds,Prototype_Component_Texture_UI_FX_Square
../../Tools/Bin/Resources/Textures/UI/UIT_FX_Square2.dds,Prototype_Component_Texture_UI_FX_Square2
../../Tools/Bin/Resources/Textures/UI/UIT_Gauge_BG.dds,Prototype_Component_Texture_UI_Gauge_BG
../../Tools/Bin/Resources/Textures/UI/UIT_Gauge_Circle.dds,Prototype_Component_Texture_UI_Gauge_Circle
../../Tools/Bin/Resources/Textures/UI/UIT_Gauge_Circle_128.dds,Prototype_Component_Texture_UI_Gauge_Circle_128
../../Tools/Bin/Resources/Textures/UI/UIT_Gauge_Fill.dds,Prototype_Component_Texture_UI_Gauge_Fill
../../Tools/Bin/Resources/Textures/UI/UIT_Gauge_Fill_6.dds,Prototype_Component_Texture_UI_Gauge_Fill_6
../../Tools/Bin/Resources/Textures/UI/UIT_Gauge_ParalyzeEnable.dds,Prototype_Component_Texture_UI_Gauge_ParalyzeEnable
../../Tools/Bin/Resources/Textures/UI/UIT_Gauge_ParalyzeEnable_01.dds,Prototype_Component_Texture_UI_Gauge_ParalyzeEnable_01
../../Tools/Bin/Resources/Textures/UI/UIT_Gauge_ParalyzeEnable_03.dds,Prototype_Component_Texture_UI_Gauge_ParalyzeEnable_03
../../Tools/Bin/Resources/Textures/UI/UIT_Gauge_ParalyzeEnable_04.dds,Prototype_Component_Texture_UI_Gauge_ParalyzeEnable_04
../../Tools/Bin/Resources/Textures/UI/UIT_Gauge_ParalyzeEnable_Blur.dds,Prototype_Component_Texture_UI_Gauge_ParalyzeEnable_Blur
../../Tools/Bin/Resources/Textures/UI/UIT_Gauge_ParalyzeEnable_Left.dds,Prototype_Component_Texture_UI_Gauge_ParalyzeEnable_Left
../../Tools/Bin/Resources/Textures/UI/UIT_Gauge_Quadrangle.dds,Prototype_Component_Texture_UI_Gauge_Quadrangle
../../Tools/Bin/Resources/Textures/UI/UIT_GaugeBG_6.dds,Prototype_Component_Texture_UI_GaugeBG_6
../../Tools/Bin/Resources/Textures/UI/UIT_GaugeFrame.dds,Prototype_Component_Texture_UI_GaugeFrame
../../Tools/Bin/Resources/Textures/UI/UIT_GaugeFrame_6.dds,Prototype_Component_Texture_UI_GaugeFrame_6
../../Tools/Bin/Resources/Textures/UI/UIT_GaugeFrame_Low.dds,Prototype_Component_Texture_UI_GaugeFrame_Low
../../Tools/Bin/Resources/Textures/UI/UIT_Gear_Amulet_0.dds,Prototype_Component_Texture_UI_Gear_Amulet_0
../../Tools/Bin/Resources/Textures/UI/UIT_Gesture.dds,Prototype_Component_Texture_UI_Gesture
../../Tools/Bin/Resources/Textures/UI/UIT_Gradation_Down.dds,Prototype_Component_Texture_UI_Gradation_Down
../../Tools/Bin/Resources/Textures/UI/UIT_Gradation_Right.dds,Prototype_Component_Texture_UI_Gradation_Right
../../Tools/Bin/Resources/Textures/UI/UIT_Gradient_BothVer.dds,Prototype_Component_Texture_UI_Gradient_BothVer
../../Tools/Bin/Resources/Textures/UI/UIT_Guage_Crack.dds,Prototype_Component_Texture_UI_Guage_Crack
../../Tools/Bin/Resources/Textures/UI/UIT_Guage_FrameCrack.dds,Prototype_Component_Texture_UI_Guage_FrameCrack
../../Tools/Bin/Resources/Textures/UI/UIT_handle.dds,Prototype_Component_Texture_UI_handle
../../Tools/Bin/Resources/Textures/UI/UIT_HeadCostume.dds,Prototype_Component_Texture_UI_HeadCostume
../../Tools/Bin/Resources/Textures/UI/UIT_Hover_LSquare.dds,Prototype_Component_Texture_UI_Hover_LSquare
../../Tools/Bin/Resources/Textures/UI/UIT_Hover_Small.dds,Prototype_Component_Texture_UI_Hover_Small
../../Tools/Bin/Resources/Textures/UI/UIT_Hover_Square.dds,Prototype_Component_Texture_UI_Hover_Square
../../Tools/Bin/Resources/Textures/UI/UIT_HUD_Legion_Icon_Aegis_Active.dds,Prototype_Component_Texture_UI_HUD_Legion_Icon_Aegis_Active
../../Tools/Bin/Resources/Textures/UI/UIT_HUD_Legion_Icon_Aegis_TimerBg.dds,Prototype_Component_Texture_UI_HUD_Legion_Icon_Aegis_TimerBg
../../Tools/Bin/Resources/Textures/UI/UIT_HUD_Legion_Icon_Flamberge.dds,Prototype_Component_Texture_UI_HUD_Legion_Icon_Flamberge
../../Tools/Bin/Resources/Textures/UI/UIT_HUD_RegionBag_Acid.dds,Prototype_Component_Texture_UI_HUD_RegionBag_Acid
../../Tools/Bin/Resources/Textures/UI/UIT_HUD_RegionBag_BG.dds,Prototype_Component_Texture_UI_HUD_RegionBag_BG
../../Tools/Bin/Resources/Textures/UI/UIT_HUD_RegionBag_Electric.dds,Prototype_Component_Texture_UI_HUD_RegionBag_Electric
../../Tools/Bin/Resources/Textures/UI/UIT_HUD_RegionBag_Fire.dds,Prototype_Component_Texture_UI_HUD_RegionBag_Fire
../../Tools/Bin/Resources/Textures/UI/UIT_HUD_RegionBag_Phy.dds,Prototype_Component_Texture_UI_HUD_RegionBag_Phy
../../Tools/Bin/Resources/Textures/UI/UIT_HUD_RegionBag_Slot.dds,Prototype_Component_Texture_UI_HUD_RegionBag_Slot
../../Tools/Bin/Resources/Textures/UI/UIT_HUD_SlotBag_Bg_Fx.dds,Prototype_Component_Texture_UI_HUD_SlotBag_Bg_Fx
../../Tools/Bin/Resources/Textures/UI/UIT_HUD_SlotBag_Input_Fx.dds,Prototype_Component_Texture_UI_HUD_SlotBag_Input_Fx
../../Tools/Bin/Resources/Textures/UI/UIT_HUD_SlotBag_Selected.dds,Prototype_Component_Texture_UI_HUD_SlotBag_Selected
../../Tools/Bin/Resources/Textures/UI/UIT_Icon_ArmsType_Parrying.dds,Prototype_Component_Texture_UI_Icon_ArmsType_Parrying
../../Tools/Bin/Resources/Textures/UI/UIT_Icon_BlankBox.dds,Prototype_Component_Texture_UI_Icon_BlankBox
../../Tools/Bin/Resources/Textures/UI/UIT_Icon_CanReinforeced.dds,Prototype_Component_Texture_UI_Icon_CanReinforeced
../../Tools/Bin/Resources/Textures/UI/UIT_Icon_Change.dds,Prototype_Component_Texture_UI_Icon_Change
../../Tools/Bin/Resources/Textures/UI/UIT_Icon_Cross.dds,Prototype_Component_Texture_UI_Icon_Cross
../../Tools/Bin/Resources/Textures/UI/UIT_Icon_DiffArrow_Down.dds,Prototype_Component_Texture_UI_Icon_DiffArrow_Down
../../Tools/Bin/Resources/Textures/UI/UIT_Icon_DiffArrow_Hyphen.dds,Prototype_Component_Texture_UI_Icon_DiffArrow_Hyphen
../../Tools/Bin/Resources/Textures/UI/UIT_Icon_DiffArrow_Up.dds,Prototype_Component_Texture_UI_Icon_DiffArrow_Up
../../Tools/Bin/Resources/Textures/UI/UIT_Icon_FableType_Attack.dds,Prototype_Component_Texture_UI_Icon_FableType_Attack
../../Tools/Bin/Resources/Textures/UI/UIT_Icon_FableType_Def.dds,Prototype_Component_Texture_UI_Icon_FableType_Def
../../Tools/Bin/Resources/Textures/UI/UIT_Icon_FableType_Util.dds,Prototype_Component_Texture_UI_Icon_FableType_Util
../../Tools/Bin/Resources/Textures/UI/UIT_Icon_Key_0.dds,Prototype_Component_Texture_UI_Icon_Key_0
../../Tools/Bin/Resources/Textures/UI/UIT_Icon_Key_1.dds,Prototype_Component_Texture_UI_Icon_Key_1
../../Tools/Bin/Resources/Textures/UI/UIT_Icon_Key_2.dds,Prototype_Component_Texture_UI_Icon_Key_2
../../Tools/Bin/Resources/Textures/UI/UIT_Icon_Key_3.dds,Prototype_Component_Texture_UI_Icon_Key_3
../../Tools/Bin/Resources/Textures/UI/UIT_Icon_Key_4.dds,Prototype_Component_Texture_UI_Icon_Key_4
../../Tools/Bin/Resources/Textures/UI/UIT_Icon_Key_5.dds,Prototype_Component_Texture_UI_Icon_Key_5
../../Tools/Bin/Resources/Textures/UI/UIT_Icon_Key_6.dds,Prototype_Component_Texture_UI_Icon_Key_6
../../Tools/Bin/Resources/Textures/UI/UIT_Icon_Key_7.dds,Prototype_Component_Texture_UI_Icon_Key_7
../../Tools/Bin/Resources/Textures/UI/UIT_Icon_Key_8.dds,Prototype_Component_Texture_UI_Icon_Key_8
../../Tools/Bin/Resources/Textures/UI/UIT_Icon_Key_9.dds,Prototype_Component_Texture_UI_Icon_Key_9
../../Tools/Bin/Resources/Textures/UI/UIT_Icon_Key_A.dds,Prototype_Component_Texture_UI_Icon_Key_A
../../Tools/Bin/Resources/Textures/UI/UIT_Icon_Key_Apostrophe.dds,Prototype_Component_Texture_UI_Icon_Key_Apostrophe
../../Tools/Bin/Resources/Textures/UI/UIT_Icon_Key_B.dds,Prototype_Component_Texture_UI_Icon_Key_B
../../Tools/Bin/Resources/Textures/UI/UIT_Icon_Key_BackSlash.dds,Prototype_Component_Texture_UI_Icon_Key_BackSlash
../../Tools/Bin/Resources/Textures/UI/UIT_Icon_Key_Backspace.dds,Prototype_Component_Texture_UI_Icon_Key_Backspace
../../Tools/Bin/Resources/Textures/UI/UIT_Icon_Key_C.dds,Prototype_Component_Texture_UI_Icon_Key_C
../../Tools/Bin/Resources/Textures/UI/UIT_Icon_Key_CapsLock.dds,Prototype_Component_Texture_UI_Icon_Key_CapsLock
../../Tools/Bin/Resources/Textures/UI/UIT_Icon_Key_Comma.dds,Prototype_Component_Texture_UI_Icon_Key_Comma
../../Tools/Bin/Resources/Textures/UI/UIT_Icon_Key_D.dds,Prototype_Component_Texture_UI_Icon_Key_D
../../Tools/Bin/Resources/Textures/UI/UIT_Icon_Key_Delete.dds,Prototype_Component_Texture_UI_Icon_Key_Delete
../../Tools/Bin/Resources/Textures/UI/UIT_Icon_Key_Down.dds,Prototype_Component_Texture_UI_Icon_Key_Down
../../Tools/Bin/Resources/Textures/UI/UIT_Icon_Key_E.dds,Prototype_Component_Texture_UI_Icon_Key_E
../../Tools/Bin/Resources/Textures/UI/UIT_Icon_Key_End.dds,Prototype_Component_Texture_UI_Icon_Key_End
../../Tools/Bin/Resources/Textures/UI/UIT_Icon_Key_Enter.dds,Prototype_Component_Texture_UI_Icon_Key_Enter
../../Tools/Bin/Resources/Textures/UI/UIT_Icon_Key_Equal.dds,Prototype_Component_Texture_UI_Icon_Key_Equal
../../Tools/Bin/Resources/Textures/UI/UIT_Icon_Key_ESC.dds,Prototype_Component_Texture_UI_Icon_Key_ESC
../../Tools/Bin/Resources/Textures/UI/UIT_Icon_Key_F.dds,Prototype_Component_Texture_UI_Icon_Key_F
../../Tools/Bin/Resources/Textures/UI/UIT_Icon_Key_F1.dds,Prototype_Component_Texture_UI_Icon_Key_F1
../../Tools/Bin/Resources/Textures/UI/UIT_Icon_Key_F2.dds,Prototype_Component_Texture_UI_Icon_Key_F2
../../Tools/Bin/Resources/Textures/UI/UIT_Icon_Key_F3.dds,Prototype_Component_Texture_UI_Icon_Key_F3
../../Tools/Bin/Resources/Textures/UI/UIT_Icon_Key_F4.dds,Prototype_Component_Texture_UI_Icon_Key_F4
../../Tools/Bin/Resources/Textures/UI/UIT_Icon_Key_F5.dds,Prototype_Component_Texture_UI_Icon_Key_F5
../../Tools/Bin/Resources/Textures/UI/UIT_Icon_Key_F6.dds,Prototype_Component_Texture_UI_Icon_Key_F6
../../Tools/Bin/Resources/Textures/UI/UIT_Icon_Key_F7.dds,Prototype_Component_Texture_UI_Icon_Key_F7
../../Tools/Bin/Resources/Textures/UI/UIT_Icon_Key_F8.dds,Prototype_Component_Texture_UI_Icon_Key_F8
../../Tools/Bin/Resources/Textures/UI/UIT_Icon_Key_F9.dds,Prototype_Component_Texture_UI_Icon_Key_F9
../../Tools/Bin/Resources/Textures/UI/UIT_Icon_Key_F10.dds,Prototype_Component_Texture_UI_Icon_Key_F10
../../Tools/Bin/Resources/Textures/UI/UIT_Icon_Key_F11.dds,Prototype_Component_Texture_UI_Icon_Key_F11
../../Tools/Bin/Resources/Textures/UI/UIT_Icon_Key_F12.dds,Prototype_Component_Texture_UI_Icon_Key_F12
../../Tools/Bin/Resources/Textures/UI/UIT_Icon_Key_G.dds,Prototype_Component_Texture_UI_Icon_Key_G
../../Tools/Bin/Resources/Textures/UI/UIT_Icon_Key_Grave.dds,Prototype_Component_Texture_UI_Icon_Key_Grave
../../Tools/Bin/Resources/Textures/UI/UIT_Icon_Key_H.dds,Prototype_Component_Texture_UI_Icon_Key_H
../../Tools/Bin/Resources/Textures/UI/UIT_Icon_Key_Home.dds,Prototype_Component_Texture_UI_Icon_Key_Home
../../Tools/Bin/Resources/Textures/UI/UIT_Icon_Key_Hyphen.dds,Prototype_Component_Texture_UI_Icon_Key_Hyphen
../../Tools/Bin/Resources/Textures/UI/UIT_Icon_Key_I.dds,Prototype_Component_Texture_UI_Icon_Key_I
../../Tools/Bin/Resources/Textures/UI/UIT_Icon_Key_Insert.dds,Prototype_Component_Texture_UI_Icon_Key_Insert
../../Tools/Bin/Resources/Textures/UI/UIT_Icon_Key_J.dds,Prototype_Component_Texture_UI_Icon_Key_J
../../Tools/Bin/Resources/Textures/UI/UIT_Icon_Key_K.dds,Prototype_Component_Texture_UI_Icon_Key_K
../../Tools/Bin/Resources/Textures/UI/UIT_Icon_Key_L.dds,Prototype_Component_Texture_UI_Icon_Key_L
../../Tools/Bin/Resources/Textures/UI/UIT_Icon_Key_Left.dds,Prototype_Component_Texture_UI_Icon_Key_Left
../../Tools/Bin/Resources/Textures/UI/UIT_Icon_Key_LeftAlt.dds,Prototype_Component_Texture_UI_Icon_Key_LeftAlt
../../Tools/Bin/Resources/Textures/UI/UIT_Icon_Key_LeftBracket.dds,Prototype_Component_Texture_UI_Icon_Key_LeftBracket
../../Tools/Bin/Resources/Textures/UI/UIT_Icon_Key_LeftCtrl.dds,Prototype_Component_Texture_UI_Icon_Key_LeftCtrl
../../Tools/Bin/Resources/Textures/UI/UIT_Icon_Key_LeftShift.dds,Prototype_Component_Texture_UI_Icon_Key_LeftShift
../../Tools/Bin/Resources/Textures/UI/UIT_Icon_Key_M.dds,Prototype_Component_Texture_UI_Icon_Key_M
../../Tools/Bin/Resources/Textures/UI/UIT_Icon_Key_N.dds,Prototype_Component_Texture_UI_Icon_Key_N
../../Tools/Bin/Resources/Textures/UI/UIT_Icon_Key_Num0.dds,Prototype_Component_Texture_UI_Icon_Key_Num0
../../Tools/Bin/Resources/Textures/UI/UIT_Icon_Key_Num1.dds,Prototype_Component_Texture_UI_Icon_Key_Num1
../../Tools/Bin/Resources/Textures/UI/UIT_Icon_Key_Num2.dds,Prototype_Component_Texture_UI_Icon_Key_Num2
../../Tools/Bin/Resources/Textures/UI/UIT_Icon_Key_Num3.dds,Prototype_Component_Texture_UI_Icon_Key_Num3
../../Tools/Bin/Resources/Textures/UI/UIT_Icon_Key_Num4.dds,Prototype_Component_Texture_UI_Icon_Key_Num4
../../Tools/Bin/Resources/Textures/UI/UIT_Icon_Key_Num5.dds,Prototype_Component_Texture_UI_Icon_Key_Num5
../../Tools/Bin/Resources/Textures/UI/UIT_Icon_Key_Num6.dds,Prototype_Component_Texture_UI_Icon_Key_Num6
../../Tools/Bin/Resources/Textures/UI/UIT_Icon_Key_Num7.dds,Prototype_Component_Texture_UI_Icon_Key_Num7
../../Tools/Bin/Resources/Textures/UI/UIT_Icon_Key_Num8.dds,Prototype_Component_Texture_UI_Icon_Key_Num8
../../Tools/Bin/Resources/Textures/UI/UIT_Icon_Key_Num9.dds,Prototype_Component_Texture_UI_Icon_Key_Num9
../../Tools/Bin/Resources/Textures/UI/UIT_Icon_Key_NumAsterisk.dds,Prototype_Component_Texture_UI_Icon_Key_NumAsterisk
../../Tools/Bin/Resources/Textures/UI/UIT_Icon_Key_NumLock.dds,Prototype_Component_Texture_UI_Icon_Key_NumLock
../../Tools/Bin/Resources/Textures/UI/UIT_Icon_Key_NumMinus.dds,Prototype_Component_Texture_UI_Icon_Key_NumMinus
../../Tools/Bin/Resources/Textures/UI/UIT_Icon_Key_NumPeriod.dds,Prototype_Component_Texture_UI_Icon_Key_NumPeriod
../../Tools/Bin/Resources/Textures/UI/UIT_Icon_Key_NumPlus.dds,Prototype_Component_Texture_UI_Icon_Key_NumPlus
../../Tools/Bin/Resources/Textures/UI/UIT_Icon_Key_NumSlash.dds,Prototype_Component_Texture_UI_Icon_Key_NumSlash
../../Tools/Bin/Resources/Textures/UI/UIT_Icon_Key_O.dds,Prototype_Component_Texture_UI_Icon_Key_O
../../Tools/Bin/Resources/Textures/UI/UIT_Icon_Key_P.dds,Prototype_Component_Texture_UI_Icon_Key_P
../../Tools/Bin/Resources/Textures/UI/UIT_Icon_Key_PageDown.dds,Prototype_Component_Texture_UI_Icon_Key_PageDown
../../Tools/Bin/Resources/Textures/UI/UIT_Icon_Key_PageUp.dds,Prototype_Component_Texture_UI_Icon_Key_PageUp
../../Tools/Bin/Resources/Textures/UI/UIT_Icon_Key_Pause.dds,Prototype_Component_Texture_UI_Icon_Key_Pause
../../Tools/Bin/Resources/Textures/UI/UIT_Icon_Key_Period.dds,Prototype_Component_Texture_UI_Icon_Key_Period
../../Tools/Bin/Resources/Textures/UI/UIT_Icon_Key_PrintScreen.dds,Prototype_Component_Texture_UI_Icon_Key_PrintScreen
../../Tools/Bin/Resources/Textures/UI/UIT_Icon_Key_Q.dds,Prototype_Component_Texture_UI_Icon_Key_Q
../../Tools/Bin/Resources/Textures/UI/UIT_Icon_Key_R.dds,Prototype_Component_Texture_UI_Icon_Key_R
../../Tools/Bin/Resources/Textures/UI/UIT_Icon_Key_Right.dds,Prototype_Component_Texture_UI_Icon_Key_Right
../../Tools/Bin/Resources/Textures/UI/UIT_Icon_Key_RightAlt.dds,Prototype_Component_Texture_UI_Icon_Key_RightAlt
../../Tools/Bin/Resources/Textures/UI/UIT_Icon_Key_RightBracket.dds,Prototype_Component_Texture_UI_Icon_Key_RightBracket
../../Tools/Bin/Resources/Textures/UI/UIT_Icon_Key_RightCtrl.dds,Prototype_Component_Texture_UI_Icon_Key_RightCtrl
../../Tools/Bin/Resources/Textures/UI/UIT_Icon_Key_RightShift.dds,Prototype_Component_Texture_UI_Icon_Key_RightShift
../../Tools/Bin/Resources/Textures/UI/UIT_Icon_Key_S.dds,Prototype_Component_Texture_UI_Icon_Key_S
../../Tools/Bin/Resources/Textures/UI/UIT_Icon_Key_ScrollLock.dds,Prototype_Component_Texture_UI_Icon_Key_ScrollLock
../../Tools/Bin/Resources/Textures/UI/UIT_Icon_Key_Semicolon.dds,Prototype_Component_Texture_UI_Icon_Key_Semicolon
../../Tools/Bin/Resources/Textures/UI/UIT_Icon_Key_Slash.dds,Prototype_Component_Texture_UI_Icon_Key_Slash
../../Tools/Bin/Resources/Textures/UI/UIT_Icon_Key_Space.dds,Prototype_Component_Texture_UI_Icon_Key_Space
../../Tools/Bin/Resources/Textures/UI/UIT_Icon_Key_T.dds,Prototype_Component_Texture_UI_Icon_Key_T
../../Tools/Bin/Resources/Textures/UI/UIT_Icon_Key_Tab.dds,Prototype_Component_Texture_UI_Icon_Key_Tab
../../Tools/Bin/Resources/Textures/UI/UIT_Icon_Key_U.dds,Prototype_Component_Texture_UI_Icon_Key_U
../../Tools/Bin/Resources/Textures/UI/UIT_Icon_Key_Up.dds,Prototype_Component_Texture_UI_Icon_Key_Up
../../Tools/Bin/Resources/Textures/UI/UIT_Icon_Key_V.dds,Prototype_Component_Texture_UI_Icon_Key_V
../../Tools/Bin/Resources/Textures/UI/UIT_Icon_Key_W.dds,Prototype_Component_Texture_UI_Icon_Key_W
../../Tools/Bin/Resources/Textures/UI/UIT_Icon_Key_WASD.dds,Prototype_Component_Texture_UI_Icon_Key_WASD
../../Tools/Bin/Resources/Textures/UI/UIT_Icon_Key_X.dds,Prototype_Component_Texture_UI_Icon_Key_X
../../Tools/Bin/Resources/Textures/UI/UIT_Icon_Key_Y.dds,Prototype_Component_Texture_UI_Icon_Key_Y
../../Tools/Bin/Resources/Textures/UI/UIT_Icon_Key_Z.dds,Prototype_Component_Texture_UI_Icon_Key_Z
../../Tools/Bin/Resources/Textures/UI/UIT_Icon_KeyGaugeBG.dds,Prototype_Component_Texture_UI_Icon_KeyGaugeBG
../../Tools/Bin/Resources/Textures/UI/UIT_Icon_KeyQuadrangleBG.dds,Prototype_Component_Texture_UI_Icon_KeyQuadrangleBG
../../Tools/Bin/Resources/Textures/UI/UIT_Icon_Max.dds,Prototype_Component_Texture_UI_Icon_Max
../../Tools/Bin/Resources/Textures/UI/UIT_Icon_MenuNotification.dds,Prototype_Component_Texture_UI_Icon_MenuNotification
../../Tools/Bin/Resources/Textures/UI/UIT_Icon_Mouse_Left.dds,Prototype_Component_Texture_UI_Icon_Mouse_Left
../../Tools/Bin/Resources/Textures/UI/UIT_Icon_Mouse_Middle.dds,Prototype_Component_Texture_UI_Icon_Mouse_Middle
../../Tools/Bin/Resources/Textures/UI/UIT_Icon_Mouse_Move.dds,Prototype_Component_Texture_UI_Icon_Mouse_Move
../../Tools/Bin/Resources/Textures/UI/UIT_Icon_Mouse_Right.dds,Prototype_Component_Texture_UI_Icon_Mouse_Right
../../Tools/Bin/Resources/Textures/UI/UIT_Icon_Mouse_Wheel.dds,Prototype_Component_Texture_UI_Icon_Mouse_Wheel
../../Tools/Bin/Resources/Textures/UI/UIT_Icon_Mouse_WheelD.dds,Prototype_Component_Texture_UI_Icon_Mouse_WheelD
../../Tools/Bin/Resources/Textures/UI/UIT_Icon_Mouse_WheelU.dds,Prototype_Component_Texture_UI_Icon_Mouse_WheelU
../../Tools/Bin/Resources/Textures/UI/UIT_Icon_Playx2.dds,Prototype_Component_Texture_UI_Icon_Playx2
../../Tools/Bin/Resources/Textures/UI/UIT_Icon_QuestTalk.dds,Prototype_Component_Texture_UI_Icon_QuestTalk
../../Tools/Bin/Resources/Textures/UI/UIT_Icon_Reset.dds,Prototype_Component_Texture_UI_Icon_Reset
../../Tools/Bin/Resources/Textures/UI/UIT_Icon_Stat_Advance.dds,Prototype_Component_Texture_UI_Icon_Stat_Advance
../../Tools/Bin/Resources/Textures/UI/UIT_Icon_Stat_AttackType_Down.dds,Prototype_Component_Texture_UI_Icon_Stat_AttackType_Down
../../Tools/Bin/Resources/Textures/UI/UIT_Icon_Stat_AttackType_Equal.dds,Prototype_Component_Texture_UI_Icon_Stat_AttackType_Equal
../../Tools/Bin/Resources/Textures/UI/UIT_Icon_Stat_AttackType_Up.dds,Prototype_Component_Texture_UI_Icon_Stat_AttackType_Up
../../Tools/Bin/Resources/Textures/UI/UIT_Icon_Stat_Capacity.dds,Prototype_Component_Texture_UI_Icon_Stat_Capacity
../../Tools/Bin/Resources/Textures/UI/UIT_Icon_Stat_Motivity.dds,Prototype_Component_Texture_UI_Icon_Stat_Motivity
../../Tools/Bin/Resources/Textures/UI/UIT_Icon_Stat_Stamina_Point.dds,Prototype_Component_Texture_UI_Icon_Stat_Stamina_Point
../../Tools/Bin/Resources/Textures/UI/UIT_Icon_Stat_Technique.dds,Prototype_Component_Texture_UI_Icon_Stat_Technique
../../Tools/Bin/Resources/Textures/UI/UIT_Icon_Stat_Vigor.dds,Prototype_Component_Texture_UI_Icon_Stat_Vigor
../../Tools/Bin/Resources/Textures/UI/UIT_Icon_Stat_Vitality.dds,Prototype_Component_Texture_UI_Icon_Stat_Vitality
../../Tools/Bin/Resources/Textures/UI/UIT_Icon_ThumbMouseButton.dds,Prototype_Component_Texture_UI_Icon_ThumbMouseButton
../../Tools/Bin/Resources/Textures/UI/UIT_Icon_ThumbMouseButton2.dds,Prototype_Component_Texture_UI_Icon_ThumbMouseButton2
../../Tools/Bin/Resources/Textures/UI/UIT_Icon_X.dds,Prototype_Component_Texture_UI_Icon_X
../../Tools/Bin/Resources/Textures/UI/UIT_Img_ActionType_0.dds,Prototype_Component_Texture_UI_Img_ActionType_0
../../Tools/Bin/Resources/Textures/UI/UIT_Img_ActionType_1.dds,Prototype_Component_Texture_UI_Img_ActionType_1
../../Tools/Bin/Resources/Textures/UI/UIT_Img_ActionType_2.dds,Prototype_Component_Texture_UI_Img_ActionType_2
../../Tools/Bin/Resources/Textures/UI/UIT_Img_Brackets.dds,Prototype_Component_Texture_UI_Img_Brackets
../../Tools/Bin/Resources/Textures/UI/UIT_IMG_Calibration.dds,Prototype_Component_Texture_UI_IMG_Calibration
../../Tools/Bin/Resources/Textures/UI/UIT_Img_ChGear.dds,Prototype_Component_Texture_UI_Img_ChGear
../../Tools/Bin/Resources/Textures/UI/UIT_Img_ChHead.dds,Prototype_Component_Texture_UI_Img_ChHead
../../Tools/Bin/Resources/Textures/UI/UIT_Img_ChNose.dds,Prototype_Component_Texture_UI_Img_ChNose
../../Tools/Bin/Resources/Textures/UI/UIT_Img_Circle.dds,Prototype_Component_Texture_UI_Img_Circle
../../Tools/Bin/Resources/Textures/UI/UIT_Img_Goldfruit_0.dds,Prototype_Component_Texture_UI_Img_Goldfruit_0
../../Tools/Bin/Resources/Textures/UI/UIT_Img_Goldfruit_1.dds,Prototype_Component_Texture_UI_Img_Goldfruit_1
../../Tools/Bin/Resources/Textures/UI/UIT_Img_Heart.dds,Prototype_Component_Texture_UI_Img_Heart
../../Tools/Bin/Resources/Textures/UI/UIT_Img_Linedeco.dds,Prototype_Component_Texture_UI_Img_Linedeco
../../Tools/Bin/Resources/Textures/UI/UIT_Img_Mask_Both.dds,Prototype_Component_Texture_UI_Img_Mask_Both
../../Tools/Bin/Resources/Textures/UI/UIT_Img_SketchArrow_Down.dds,Prototype_Component_Texture_UI_Img_SketchArrow_Down
../../Tools/Bin/Resources/Textures/UI/UIT_Img_SketchArrow_Left.dds,Prototype_Component_Texture_UI_Img_SketchArrow_Left
../../Tools/Bin/Resources/Textures/UI/UIT_Img_SketchArrow_Right.dds,Prototype_Component_Texture_UI_Img_SketchArrow_Right
../../Tools/Bin/Resources/Textures/UI/UIT_Img_SketchArrow_Up.dds,Prototype_Component_Texture_UI_Img_SketchArrow_Up
../../Tools/Bin/Resources/Textures/UI/UIT_Img_Square.dds,Prototype_Component_Texture_UI_Img_Square
../../Tools/Bin/Resources/Textures/UI/UIT_Img_Square_Sketch.dds,Prototype_Component_Texture_UI_Img_Square_Sketch
../../Tools/Bin/Resources/Textures/UI/UIT_ImgText_Died.dds,Prototype_Component_Texture_UI_ImgText_Died
../../Tools/Bin/Resources/Textures/UI/UIT_ImgText_Kill.dds,Prototype_Component_Texture_UI_ImgText_Kill
../../Tools/Bin/Resources/Textures/UI/UIT_ImgText_Recovery.dds,Prototype_Component_Texture_UI_ImgText_Recovery
../../Tools/Bin/Resources/Textures/UI/UIT_ImgText_ResultProto.dds,Prototype_Component_Texture_UI_ImgText_ResultProto
../../Tools/Bin/Resources/Textures/UI/UIT_Indicator_BG.dds,Prototype_Component_Texture_UI_Indicator_BG
../../Tools/Bin/Resources/Textures/UI/UIT_Indicator_Fatal.dds,Prototype_Component_Texture_UI_Indicator_Fatal
../../Tools/Bin/Resources/Textures/UI/UIT_Indicator_Gear0.dds,Prototype_Component_Texture_UI_Indicator_Gear0
../../Tools/Bin/Resources/Textures/UI/UIT_Indicator_Gear1.dds,Prototype_Component_Texture_UI_Indicator_Gear1
../../Tools/Bin/Resources/Textures/UI/UIT_Indicator_Gear2.dds,Prototype_Component_Texture_UI_Indicator_Gear2
../../Tools/Bin/Resources/Textures/UI/UIT_Indicator_Lockon.dds,Prototype_Component_Texture_UI_Indicator_Lockon
../../Tools/Bin/Resources/Textures/UI/UIT_Indicator_Mask.dds,Prototype_Component_Texture_UI_Indicator_Mask
../../Tools/Bin/Resources/Textures/UI/UIT_Item_Bag_0.dds,Prototype_Component_Texture_UI_Item_Bag_0
../../Tools/Bin/Resources/Textures/UI/UIT_Item_Blade_0.dds,Prototype_Component_Texture_UI_Item_Blade_0
../../Tools/Bin/Resources/Textures/UI/UIT_Item_Costume_0.dds,Prototype_Component_Texture_UI_Item_Costume_0
../../Tools/Bin/Resources/Textures/UI/UIT_Item_Eye_0.dds,Prototype_Component_Texture_UI_Item_Eye_0
../../Tools/Bin/Resources/Textures/UI/UIT_Item_GrindStone_0.dds,Prototype_Component_Texture_UI_Item_GrindStone_0
../../Tools/Bin/Resources/Textures/UI/UIT_Item_Handle_0.dds,Prototype_Component_Texture_UI_Item_Handle_0
../../Tools/Bin/Resources/Textures/UI/UIT_Item_Head_0.dds,Prototype_Component_Texture_UI_Item_Head_0
../../Tools/Bin/Resources/Textures/UI/UIT_Item_Pouch_0.dds,Prototype_Component_Texture_UI_Item_Pouch_0
../../Tools/Bin/Resources/Textures/UI/UIT_Item_SlaveArm_0.dds,Prototype_Component_Texture_UI_Item_SlaveArm_0
../../Tools/Bin/Resources/Textures/UI/UIT_Item_Weapon_0.dds,Prototype_Component_Texture_UI_Item_Weapon_0
../../Tools/Bin/Resources/Textures/UI/UIT_Item_WishStone_0.dds,Prototype_Component_Texture_UI_Item_WishStone_0
../../Tools/Bin/Resources/Textures/UI/UIT_Key.dds,Prototype_Component_Texture_UI_Key
../../Tools/Bin/Resources/Textures/UI/UIT_LieAnswer_Selected_BG.dds,Prototype_Component_Texture_UI_LieAnswer_Selected_BG
../../Tools/Bin/Resources/Textures/UI/UIT_LieAnswer_Selected_BG2.dds,Prototype_Component_Texture_UI_LieAnswer_Selected_BG2
../../Tools/Bin/Resources/Textures/UI/UIT_Line_Hor_Cen_Light_L.dds,Prototype_Component_Texture_UI_Line_Hor_Cen_Light_L
../../Tools/Bin/Resources/Textures/UI/UIT_Line_Hor_Cen_Light_S.dds,Prototype_Component_Texture_UI_Line_Hor_Cen_Light_S
../../Tools/Bin/Resources/Textures/UI/UIT_Line_Hor_Cen_Light_S_X2.dds,Prototype_Component_Texture_UI_Line_Hor_Cen_Light_S_X2
../../Tools/Bin/Resources/Textures/UI/UIT_Line_Ver_Cen_Light_L.dds,Prototype_Component_Texture_UI_Line_Ver_Cen_Light_L
../../Tools/Bin/Resources/Textures/UI/UIT_Line_Ver_Cen_Light_S.dds,Prototype_Component_Texture_UI_Line_Ver_Cen_Light_S
../../Tools/Bin/Resources/Textures/UI/UIT_List_BG_0.dds,Prototype_Component_Texture_UI_List_BG_0
../../Tools/Bin/Resources/Textures/UI/UIT_ListItem_BagItem_M-Equip.dds,Prototype_Component_Texture_UI_ListItem_BagItem_M-Equip
../../Tools/Bin/Resources/Textures/UI/UIT_ListItem_Equip.dds,Prototype_Component_Texture_UI_ListItem_Equip
../../Tools/Bin/Resources/Textures/UI/UIT_ListItem_Equiped.dds,Prototype_Component_Texture_UI_ListItem_Equiped
../../Tools/Bin/Resources/Textures/UI/UIT_ListItem_ExistingParts.dds,Prototype_Component_Texture_UI_ListItem_ExistingParts
../../Tools/Bin/Resources/Textures/UI/UIT_ListItem_Select2.dds,Prototype_Component_Texture_UI_ListItem_Select2
../../Tools/Bin/Resources/Textures/UI/UIT_ListItem_Weapon_Equip1.dds,Prototype_Component_Texture_UI_ListItem_Weapon_Equip1
../../Tools/Bin/Resources/Textures/UI/UIT_ListItem_Weapon_Equip2.dds,Prototype_Component_Texture_UI_ListItem_Weapon_Equip2
../../Tools/Bin/Resources/Textures/UI/UIT_ListItem_Weapon_Equip3.dds,Prototype_Component_Texture_UI_ListItem_Weapon_Equip3
../../Tools/Bin/Resources/Textures/UI/UIT_ListItem_Weapon_Linked.dds,Prototype_Component_Texture_UI_ListItem_Weapon_Linked
../../Tools/Bin/Resources/Textures/UI/UIT_Lobby_Logo.dds,Prototype_Component_Texture_UI_Lobby_Logo
../../Tools/Bin/Resources/Textures/UI/UIT_Locker_Possession_Icon.dds,Prototype_Component_Texture_UI_Locker_Possession_Icon
../../Tools/Bin/Resources/Textures/UI/UIT_Locker_Save_Icon.dds,Prototype_Component_Texture_UI_Locker_Save_Icon
../../Tools/Bin/Resources/Textures/UI/UIT_Logo_AMD.dds,Prototype_Component_Texture_UI_Logo_AMD
../../Tools/Bin/Resources/Textures/UI/UIT_Logo_UE.dds,Prototype_Component_Texture_UI_Logo_UE
../../Tools/Bin/Resources/Textures/UI/UIT_Material.dds,Prototype_Component_Texture_UI_Material
../../Tools/Bin/Resources/Textures/UI/UIT_MenuCharacter_Icon.dds,Prototype_Component_Texture_UI_MenuCharacter_Icon
../../Tools/Bin/Resources/Textures/UI/UIT_MenuEquip_Icon.dds,Prototype_Component_Texture_UI_MenuEquip_Icon
../../Tools/Bin/Resources/Textures/UI/UIT_MenuHeart_Icon.dds,Prototype_Component_Texture_UI_MenuHeart_Icon
../../Tools/Bin/Resources/Textures/UI/UIT_MenuIcon_Selected.dds,Prototype_Component_Texture_UI_MenuIcon_Selected
../../Tools/Bin/Resources/Textures/UI/UIT_MenuInventory_Icon.dds,Prototype_Component_Texture_UI_MenuInventory_Icon
../../Tools/Bin/Resources/Textures/UI/UIT_MenuSettiont_Icon.dds,Prototype_Component_Texture_UI_MenuSettiont_Icon
../../Tools/Bin/Resources/Textures/UI/UIT_New_Dot.dds,Prototype_Component_Texture_UI_New_Dot
../../Tools/Bin/Resources/Textures/UI/UIT_Papger_Bg.dds,Prototype_Component_Texture_UI_Papger_Bg
../../Tools/Bin/Resources/Textures/UI/UIT_Parts.dds,Prototype_Component_Texture_UI_Parts
../../Tools/Bin/Resources/Textures/UI/UIT_Parts_Catridge_0.dds,Prototype_Component_Texture_UI_Parts_Catridge_0
../../Tools/Bin/Resources/Textures/UI/UIT_Parts_Convertor_0.dds,Prototype_Component_Texture_UI_Parts_Convertor_0
../../Tools/Bin/Resources/Textures/UI/UIT_Parts_Frame_0.dds,Prototype_Component_Texture_UI_Parts_Frame_0
../../Tools/Bin/Resources/Textures/UI/UIT_Parts_Lining_0.dds,Prototype_Component_Texture_UI_Parts_Lining_0
../../Tools/Bin/Resources/Textures/UI/UIT_Pattern_DirtyLine_H.dds,Prototype_Component_Texture_UI_Pattern_DirtyLine_H
../../Tools/Bin/Resources/Textures/UI/UIT_Pattern_DirtyLine_V.dds,Prototype_Component_Texture_UI_Pattern_DirtyLine_V
../../Tools/Bin/Resources/Textures/UI/UIT_Pattern_Stripe.dds,Prototype_Component_Texture_UI_Pattern_Stripe
../../Tools/Bin/Resources/Textures/UI/UIT_PocketSlot_0.dds,Prototype_Component_Texture_UI_PocketSlot_0
../../Tools/Bin/Resources/Textures/UI/UIT_Popup_Bg_B.dds,Prototype_Component_Texture_UI_Popup_Bg_B
../../Tools/Bin/Resources/Textures/UI/UIT_Popup_Bg_M.dds,Prototype_Component_Texture_UI_Popup_Bg_M
../../Tools/Bin/Resources/Textures/UI/UIT_Popup_Bg_T.dds,Prototype_Component_Texture_UI_Popup_Bg_T
../../Tools/Bin/Resources/Textures/UI/UIT_PouchSlot_Down.dds,Prototype_Component_Texture_UI_PouchSlot_Down
../../Tools/Bin/Resources/Textures/UI/UIT_PouchSlot_Left.dds,Prototype_Component_Texture_UI_PouchSlot_Left
../../Tools/Bin/Resources/Textures/UI/UIT_PouchSlot_Right.dds,Prototype_Component_Texture_UI_PouchSlot_Right
../../Tools/Bin/Resources/Textures/UI/UIT_PouchSlot_Up.dds,Prototype_Component_Texture_UI_PouchSlot_Up
../../Tools/Bin/Resources/Textures/UI/UIT_Profile_Icon_Ergo.dds,Prototype_Component_Texture_UI_Profile_Icon_Ergo
../../Tools/Bin/Resources/Textures/UI/UIT_Profile_Icon_Level.dds,Prototype_Component_Texture_UI_Profile_Icon_Level
../../Tools/Bin/Resources/Textures/UI/UIT_Profile_Icon_Weight.dds,Prototype_Component_Texture_UI_Profile_Icon_Weight
../../Tools/Bin/Resources/Textures/UI/UIT_Progressbar_Deco0.dds,Prototype_Component_Texture_UI_Progressbar_Deco0
../../Tools/Bin/Resources/Textures/UI/UIT_Progressbar_Deco1.dds,Prototype_Component_Texture_UI_Progressbar_Deco1
../../Tools/Bin/Resources/Textures/UI/UIT_Quartz_BG.dds,Prototype_Component_Texture_UI_Quartz_BG
../../Tools/Bin/Resources/Textures/UI/UIT_Quartz_Cursor_00.dds,Prototype_Component_Texture_UI_Quartz_Cursor_00
../../Tools/Bin/Resources/Textures/UI/UIT_Quartz_DecoLine.dds,Prototype_Component_Texture_UI_Quartz_DecoLine
../../Tools/Bin/Resources/Textures/UI/UIT_Quartz_Focus_1.dds,Prototype_Component_Texture_UI_Quartz_Focus_1
../../Tools/Bin/Resources/Textures/UI/UIT_Quartz_Focus_2.dds,Prototype_Component_Texture_UI_Quartz_Focus_2
../../Tools/Bin/Resources/Textures/UI/UIT_Quartz_Focus_3.dds,Prototype_Component_Texture_UI_Quartz_Focus_3
../../Tools/Bin/Resources/Textures/UI/UIT_Quartz_Focus_4.dds,Prototype_Component_Texture_UI_Quartz_Focus_4
../../Tools/Bin/Resources/Textures/UI/UIT_Quartz_Heart_1.dds,Prototype_Component_Texture_UI_Quartz_Heart_1
../../Tools/Bin/Resources/Textures/UI/UIT_Quartz_Heart_2.dds,Prototype_Component_Texture_UI_Quartz_Heart_2
../../Tools/Bin/Resources/Textures/UI/UIT_Quartz_Heart_3.dds,Prototype_Component_Texture_UI_Quartz_Heart_3
../../Tools/Bin/Resources/Textures/UI/UIT_Quartz_Heart_4.dds,Prototype_Component_Texture_UI_Quartz_Heart_4
../../Tools/Bin/Resources/Textures/UI/UIT_Quartz_Heart_5.dds,Prototype_Component_Texture_UI_Quartz_Heart_5
../../Tools/Bin/Resources/Textures/UI/UIT_Quartz_Heart_Sketch.dds,Prototype_Component_Texture_UI_Quartz_Heart_Sketch
../../Tools/Bin/Resources/Textures/UI/UIT_Quartz_Lv0.dds,Prototype_Component_Texture_UI_Quartz_Lv0
../../Tools/Bin/Resources/Textures/UI/UIT_Quartz_Lv1.dds,Prototype_Component_Texture_UI_Quartz_Lv1
../../Tools/Bin/Resources/Textures/UI/UIT_Quartz_Lv2.dds,Prototype_Component_Texture_UI_Quartz_Lv2
../../Tools/Bin/Resources/Textures/UI/UIT_Quartz_Lv3.dds,Prototype_Component_Texture_UI_Quartz_Lv3
../../Tools/Bin/Resources/Textures/UI/UIT_Quartz_Lv4.dds,Prototype_Component_Texture_UI_Quartz_Lv4
../../Tools/Bin/Resources/Textures/UI/UIT_Quartz_Lv5.dds,Prototype_Component_Texture_UI_Quartz_Lv5
../../Tools/Bin/Resources/Textures/UI/UIT_Quartz_Lv6.dds,Prototype_Component_Texture_UI_Quartz_Lv6
../../Tools/Bin/Resources/Textures/UI/UIT_Quartz_Lv7.dds,Prototype_Component_Texture_UI_Quartz_Lv7
../../Tools/Bin/Resources/Textures/UI/UIT_Quartz_Lv8.dds,Prototype_Component_Texture_UI_Quartz_Lv8
../../Tools/Bin/Resources/Textures/UI/UIT_Quartz_Lv9.dds,Prototype_Component_Texture_UI_Quartz_Lv9
../../Tools/Bin/Resources/Textures/UI/UIT_Quartz_Lv10.dds,Prototype_Component_Texture_UI_Quartz_Lv10
../../Tools/Bin/Resources/Textures/UI/UIT_Quartz_Lv11.dds,Prototype_Component_Texture_UI_Quartz_Lv11
../../Tools/Bin/Resources/Textures/UI/UIT_Quartz_Sketch2.dds,Prototype_Component_Texture_UI_Quartz_Sketch2
../../Tools/Bin/Resources/Textures/UI/UIT_Quartz_Synergy_FX.dds,Prototype_Component_Texture_UI_Quartz_Synergy_FX
../../Tools/Bin/Resources/Textures/UI/UIT_Quartz_Synergy_P01.dds,Prototype_Component_Texture_UI_Quartz_Synergy_P01
../../Tools/Bin/Resources/Textures/UI/UIT_Quartz_Synergy_P06.dds,Prototype_Component_Texture_UI_Quartz_Synergy_P06
../../Tools/Bin/Resources/Textures/UI/UIT_Quartz_Tab_Attack.dds,Prototype_Component_Texture_UI_Quartz_Tab_Attack
../../Tools/Bin/Resources/Textures/UI/UIT_Quartz_Tab_Defense.dds,Prototype_Component_Texture_UI_Quartz_Tab_Defense
../../Tools/Bin/Resources/Textures/UI/UIT_Quartz_Tab_Support.dds,Prototype_Component_Texture_UI_Quartz_Tab_Support
../../Tools/Bin/Resources/Textures/UI/UIT_Quartz_Tab_Utility.dds,Prototype_Component_Texture_UI_Quartz_Tab_Utility
../../Tools/Bin/Resources/Textures/UI/UIT_QuartzSlot_Attack.dds,Prototype_Component_Texture_UI_QuartzSlot_Attack
../../Tools/Bin/Resources/Textures/UI/UIT_QuartzSlot_Defense.dds,Prototype_Component_Texture_UI_QuartzSlot_Defense
../../Tools/Bin/Resources/Textures/UI/UIT_QuartzSlot_Support.dds,Prototype_Component_Texture_UI_QuartzSlot_Support
../../Tools/Bin/Resources/Textures/UI/UIT_QuartzSlot_Utility.dds,Prototype_Component_Texture_UI_QuartzSlot_Utility
../../Tools/Bin/Resources/Textures/UI/UIT_Save_Bg_SaveTime.dds,Prototype_Component_Texture_UI_Save_Bg_SaveTime
../../Tools/Bin/Resources/Textures/UI/UIT_Save_Latest.dds,Prototype_Component_Texture_UI_Save_Latest
../../Tools/Bin/Resources/Textures/UI/UIT_Save_Paper.dds,Prototype_Component_Texture_UI_Save_Paper
../../Tools/Bin/Resources/Textures/UI/UIT_SaveIndicator_Needle.dds,Prototype_Component_Texture_UI_SaveIndicator_Needle
../../Tools/Bin/Resources/Textures/UI/UIT_ScrollBar_Thumb.dds,Prototype_Component_Texture_UI_ScrollBar_Thumb
../../Tools/Bin/Resources/Textures/UI/UIT_Select_Sketch.dds,Prototype_Component_Texture_UI_Select_Sketch
../../Tools/Bin/Resources/Textures/UI/UIT_Shop_Item_BG.dds,Prototype_Component_Texture_UI_Shop_Item_BG
../../Tools/Bin/Resources/Textures/UI/UIT_Sketch_Froge.dds,Prototype_Component_Texture_UI_Sketch_Froge
../../Tools/Bin/Resources/Textures/UI/UIT_Slash_Gra.dds,Prototype_Component_Texture_UI_Slash_Gra
../../Tools/Bin/Resources/Textures/UI/UIT_SlaveArm.dds,Prototype_Component_Texture_UI_SlaveArm
../../Tools/Bin/Resources/Textures/UI/UIT_SlaveArm_BG_Reset.dds,Prototype_Component_Texture_UI_SlaveArm_BG_Reset
../../Tools/Bin/Resources/Textures/UI/UIT_SlaveArm_Line.dds,Prototype_Component_Texture_UI_SlaveArm_Line
../../Tools/Bin/Resources/Textures/UI/UIT_SlaveArm_ReinforceIcon.dds,Prototype_Component_Texture_UI_SlaveArm_ReinforceIcon
../../Tools/Bin/Resources/Textures/UI/UIT_Slot_Bg_Default.dds,Prototype_Component_Texture_UI_Slot_Bg_Default
../../Tools/Bin/Resources/Textures/UI/UIT_SpecialMaterial.dds,Prototype_Component_Texture_UI_SpecialMaterial
../../Tools/Bin/Resources/Textures/UI/UIT_SubTItleIcon_Bag1.dds,Prototype_Component_Texture_UI_SubTItleIcon_Bag1
../../Tools/Bin/Resources/Textures/UI/UIT_GaugeFrame_H0.dds,Prototype_Component_Texture_UI_GaugeFrame_H0
../../Tools/Bin/Resources/Textures/UI/UIT_GaugeFrame_H1.dds,Prototype_Component_Texture_UI_GaugeFrame_H1
../../Tools/Bin/Resources/Textures/UI/UIT_GaugeFrame_H2.dds,Prototype_Component_Texture_UI_GaugeFrame_H2
../../Tools/Bin/Resources/Textures/UI/UIT_GaugeFrame_W0.dds,Prototype_Component_Texture_UI_GaugeFrame_W0
../../Tools/Bin/Resources/Textures/UI/UIT_GaugeFrame_W1.dds,Prototype_Component_Texture_UI_GaugeFrame_W1
../../Tools/Bin/Resources/Textures/UI/Play_0.dds,Prototype_Texture_UI_Capture_Play_0
../../Tools/Bin/Resources/Textures/UI/Menu_0.dds,Prototype_Texture_UI_Capture_Menu_0
../../Tools/Bin/Resources/Textures/UI/Equip_0.dds,Prototype_Texture_UI_Capture_Equip_0
../../Tools/Bin/Resources/Textures/UI/Equip_1.dds,Prototype_Texture_UI_Capture_Equip_1
../../Tools/Bin/Resources/Textures/UI/Equip_2.dds,Prototype_Texture_UI_Capture_Equip_2
../../Tools/Bin/Resources/Textures/UI/Equip_3.dds,Prototype_Texture_UI_Capture_Equip_3
../../Tools/Bin/Resources/Textures/UI/Equip_4.dds,Prototype_Texture_UI_Capture_Equip_4
../../Tools/Bin/Resources/Textures/UI/Equip_5.dds,Prototype_Texture_UI_Capture_Equip_5
../../Tools/Bin/Resources/Textures/UI/Equip_6.dds,Prototype_Texture_UI_Capture_Equip_6
../../Tools/Bin/Resources/Textures/UI/Inven_0.dds,Prototype_Texture_UI_Capture_Inven_0
../../Tools/Bin/Resources/Textures/UI/Inven_1.dds,Prototype_Texture_UI_Capture_Inven_1
../../Tools/Bin/Resources/Textures/UI/Inven_2.dds,Prototype_Texture_UI_Capture_Inven_2
../../Tools/Bin/Resources/Textures/UI/Inven_3.dds,Prototype_Texture_UI_Capture_Inven_3
../../Tools/Bin/Resources/Textures/UI/Inven_4.dds,Prototype_Texture_UI_Capture_Inven_4
../../Tools/Bin/Resources/Textures/UI/Inven_5.dds,Prototype_Texture_UI_Capture_Inven_5
../../Tools/Bin/Resources/Textures/UI/Stat_0.dds,Prototype_Texture_UI_Capture_Stat_0
../../Tools/Bin/Resources/Textures/UI/Option_0.dds,Prototype_Texture_UI_Capture_Option_0
../../Tools/Bin/Resources/Textures/UI/Option_1.dds,Prototype_Texture_UI_Capture_Option_1
../../Tools/Bin/Resources/Textures/UI/Menu_1.dds,Prototype_Texture_UI_Capture_Menu_1
../../Tools/Bin/Resources/Textures/UI/Tuto_0.dds,Prototype_Texture_UI_Capture_Tuto_0
../../Tools/Bin/Resources/Textures/UI/ItemInfo_0.dds,Prototype_Texture_UI_Capture_ItemInfo_0
../../Tools/Bin/Resources/Textures/UI/ItemInfo_1.dds,Prototype_Texture_UI_Capture_ItemInfo_1
../../Tools/Bin/Resources/Textures/UI/ItemInfo_2.dds,Prototype_Texture_UI_Capture_ItemInfo_2
../../Tools/Bin/Resources/Textures/UI/ItemInfo_3.dds,Prototype_Texture_UI_Capture_ItemInfo_3
../../Tools/Bin/Resources/Textures/UI/Play_1.dds,Prototype_Texture_UI_Capture_Play_1
../../Tools/Bin/Resources/Textures/UI/LevelUp_0.dds,Prototype_Texture_UI_Capture_LevelUp_0
../../Tools/Bin/Resources/Textures/UI/LevelUp_1.dds,Prototype_Texture_UI_Capture_LevelUp_1
../../Tools/Bin/Resources/Textures/UI/LevelUp_2.dds,Prototype_Texture_UI_Capture_LevelUp_2
../../Tools/Bin/Resources/Textures/UI/NPC_0.dds,Prototype_Texture_UI_Capture_NPC_0
../../Tools/Bin/Resources/Textures/UI/NPC_1.dds,Prototype_Texture_UI_Capture_NPC_1
../../Tools/Bin/Resources/Textures/UI/UIT_AB_Amulet_AdvanceUp.dds,Prototype_Texture_UI_UIT_AB_Amulet_AdvanceUp
../../Tools/Bin/Resources/Textures/UI/UIT_AB_Amulet_AllGaugeMaxUp.dds,Prototype_Texture_UI_UIT_AB_Amulet_AllGaugeMaxUp
../../Tools/Bin/Resources/Textures/UI/UIT_AB_Amulet_AtkCarDmgUp.dds,Prototype_Texture_UI_UIT_AB_Amulet_AtkCarDmgUp
../../Tools/Bin/Resources/Textures/UI/UIT_AB_Amulet_AtkHumDmgUp.dds,Prototype_Texture_UI_UIT_AB_Amulet_AtkHumDmgUp
../../Tools/Bin/Resources/Textures/UI/UIT_AB_Amulet_AtkPupDmgUp.dds,Prototype_Texture_UI_UIT_AB_Amulet_AtkPupDmgUp
../../Tools/Bin/Resources/Textures/UI/UIT_AB_Amulet_AtkSpeedUpStack1.dds,Prototype_Texture_UI_UIT_AB_Amulet_AtkSpeedUpStack1
../../Tools/Bin/Resources/Textures/UI/UIT_AB_Amulet_AtkSpeedUpStack2.dds,Prototype_Texture_UI_UIT_AB_Amulet_AtkSpeedUpStack2
../../Tools/Bin/Resources/Textures/UI/UIT_AB_Amulet_AtkSpeedUpStack3.dds,Prototype_Texture_UI_UIT_AB_Amulet_AtkSpeedUpStack3
../../Tools/Bin/Resources/Textures/UI/UIT_AB_Amulet_AtkSpeedUpStack4.dds,Prototype_Texture_UI_UIT_AB_Amulet_AtkSpeedUpStack4
../../Tools/Bin/Resources/Textures/UI/UIT_AB_Amulet_Boss1.dds,Prototype_Texture_UI_UIT_AB_Amulet_Boss1
../../Tools/Bin/Resources/Textures/UI/UIT_AB_Amulet_Boss2.dds,Prototype_Texture_UI_UIT_AB_Amulet_Boss2
../../Tools/Bin/Resources/Textures/UI/UIT_AB_Amulet_Boss3.dds,Prototype_Texture_UI_UIT_AB_Amulet_Boss3
../../Tools/Bin/Resources/Textures/UI/UIT_AB_Amulet_Boss3AtkOnceUp.dds,Prototype_Texture_UI_UIT_AB_Amulet_Boss3AtkOnceUp
../../Tools/Bin/Resources/Textures/UI/UIT_AB_Amulet_Boss4.dds,Prototype_Texture_UI_UIT_AB_Amulet_Boss4
../../Tools/Bin/Resources/Textures/UI/UIT_AB_Amulet_Boss5.dds,Prototype_Texture_UI_UIT_AB_Amulet_Boss5
../../Tools/Bin/Resources/Textures/UI/UIT_AB_Amulet_Boss6.dds,Prototype_Texture_UI_UIT_AB_Amulet_Boss6
../../Tools/Bin/Resources/Textures/UI/UIT_AB_Amulet_Boss6Stack1.dds,Prototype_Texture_UI_UIT_AB_Amulet_Boss6Stack1
../../Tools/Bin/Resources/Textures/UI/UIT_AB_Amulet_Boss6Stack2.dds,Prototype_Texture_UI_UIT_AB_Amulet_Boss6Stack2
../../Tools/Bin/Resources/Textures/UI/UIT_AB_Amulet_Boss6Stack3.dds,Prototype_Texture_UI_UIT_AB_Amulet_Boss6Stack3
../../Tools/Bin/Resources/Textures/UI/UIT_AB_Amulet_Boss6Stack4.dds,Prototype_Texture_UI_UIT_AB_Amulet_Boss6Stack4
../../Tools/Bin/Resources/Textures/UI/UIT_AB_Amulet_Boss7.dds,Prototype_Texture_UI_UIT_AB_Amulet_Boss7
../../Tools/Bin/Resources/Textures/UI/UIT_AB_Amulet_Boss8.dds,Prototype_Texture_UI_UIT_AB_Amulet_Boss8
../../Tools/Bin/Resources/Textures/UI/UIT_AB_Amulet_Boss9.dds,Prototype_Texture_UI_UIT_AB_Amulet_Boss9
../../Tools/Bin/Resources/Textures/UI/UIT_AB_Amulet_Boss10.dds,Prototype_Texture_UI_UIT_AB_Amulet_Boss10
../../Tools/Bin/Resources/Textures/UI/UIT_AB_Amulet_Cat.dds,Prototype_Texture_UI_UIT_AB_Amulet_Cat
../../Tools/Bin/Resources/Textures/UI/UIT_AB_Amulet_CriAtkUp.dds,Prototype_Texture_UI_UIT_AB_Amulet_CriAtkUp
../../Tools/Bin/Resources/Textures/UI/UIT_AB_Amulet_DefUp.dds,Prototype_Texture_UI_UIT_AB_Amulet_DefUp
../../Tools/Bin/Resources/Textures/UI/UIT_AB_Amulet_ElecAtkUpStack1.dds,Prototype_Texture_UI_UIT_AB_Amulet_ElecAtkUpStack1
../../Tools/Bin/Resources/Textures/UI/UIT_AB_Amulet_ElecAtkUpStack2.dds,Prototype_Texture_UI_UIT_AB_Amulet_ElecAtkUpStack2
../../Tools/Bin/Resources/Textures/UI/UIT_AB_Amulet_ElecAtkUpStack3.dds,Prototype_Texture_UI_UIT_AB_Amulet_ElecAtkUpStack3
../../Tools/Bin/Resources/Textures/UI/UIT_AB_Amulet_ElecAtkUpStack4.dds,Prototype_Texture_UI_UIT_AB_Amulet_ElecAtkUpStack4
../../Tools/Bin/Resources/Textures/UI/UIT_AB_Amulet_ErgoGainUp.dds,Prototype_Texture_UI_UIT_AB_Amulet_ErgoGainUp
../../Tools/Bin/Resources/Textures/UI/UIT_AB_Amulet_Fox.dds,Prototype_Texture_UI_UIT_AB_Amulet_Fox
../../Tools/Bin/Resources/Textures/UI/UIT_AB_Amulet_HealthMaxUp.dds,Prototype_Texture_UI_UIT_AB_Amulet_HealthMaxUp
../../Tools/Bin/Resources/Textures/UI/UIT_AB_Amulet_HpAutoRecovery.dds,Prototype_Texture_UI_UIT_AB_Amulet_HpAutoRecovery
../../Tools/Bin/Resources/Textures/UI/UIT_AB_Amulet_MotivityUp.dds,Prototype_Texture_UI_UIT_AB_Amulet_MotivityUp
../../Tools/Bin/Resources/Textures/UI/UIT_AB_Amulet_RegionMaxUp.dds,Prototype_Texture_UI_UIT_AB_Amulet_RegionMaxUp
../../Tools/Bin/Resources/Textures/UI/UIT_AB_Amulet_ResistUp2.dds,Prototype_Texture_UI_UIT_AB_Amulet_ResistUp2
../../Tools/Bin/Resources/Textures/UI/UIT_AB_Amulet_StaminaMaxUp.dds,Prototype_Texture_UI_UIT_AB_Amulet_StaminaMaxUp
../../Tools/Bin/Resources/Textures/UI/UIT_AB_Amulet_StaminaRecoveryUp.dds,Prototype_Texture_UI_UIT_AB_Amulet_StaminaRecoveryUp
../../Tools/Bin/Resources/Textures/UI/UIT_AB_Amulet_TechniqueUp.dds,Prototype_Texture_UI_UIT_AB_Amulet_TechniqueUp
../../Tools/Bin/Resources/Textures/UI/UIT_AB_Amulet_WeightLimitUp.dds,Prototype_Texture_UI_UIT_AB_Amulet_WeightLimitUp
../../Tools/Bin/Resources/Textures/UI/UIT_AB_Amulet_WSCostDown.dds,Prototype_Texture_UI_UIT_AB_Amulet_WSCostDown
../../Tools/Bin/Resources/Textures/UI/UIT_AB_Consume_AcidAtkUp_1.dds,Prototype_Texture_UI_UIT_AB_Consume_AcidAtkUp_1
../../Tools/Bin/Resources/Textures/UI/UIT_AB_Consume_AcidAtkUp_2.dds,Prototype_Texture_UI_UIT_AB_Consume_AcidAtkUp_2
../../Tools/Bin/Resources/Textures/UI/UIT_AB_Consume_CatDust.dds,Prototype_Texture_UI_UIT_AB_Consume_CatDust
../../Tools/Bin/Resources/Textures/UI/UIT_AB_Consume_CriRateUp.dds,Prototype_Texture_UI_UIT_AB_Consume_CriRateUp
../../Tools/Bin/Resources/Textures/UI/UIT_AB_Consume_DestructionUp.dds,Prototype_Texture_UI_UIT_AB_Consume_DestructionUp
../../Tools/Bin/Resources/Textures/UI/UIT_AB_Consume_DmgTakeDown.dds,Prototype_Texture_UI_UIT_AB_Consume_DmgTakeDown
../../Tools/Bin/Resources/Textures/UI/UIT_AB_Consume_ElecAtkUp_1.dds,Prototype_Texture_UI_UIT_AB_Consume_ElecAtkUp_1
../../Tools/Bin/Resources/Textures/UI/UIT_AB_Consume_ElecAtkUp_2.dds,Prototype_Texture_UI_UIT_AB_Consume_ElecAtkUp_2
../../Tools/Bin/Resources/Textures/UI/UIT_AB_Consume_FableChargeUp.dds,Prototype_Texture_UI_UIT_AB_Consume_FableChargeUp
../../Tools/Bin/Resources/Textures/UI/UIT_AB_Consume_FireAtkUp_1.dds,Prototype_Texture_UI_UIT_AB_Consume_FireAtkUp_1
../../Tools/Bin/Resources/Textures/UI/UIT_AB_Consume_FireAtkUp_2.dds,Prototype_Texture_UI_UIT_AB_Consume_FireAtkUp_2
../../Tools/Bin/Resources/Textures/UI/UIT_AB_Consume_GuardBoost.dds,Prototype_Texture_UI_UIT_AB_Consume_GuardBoost
../../Tools/Bin/Resources/Textures/UI/UIT_AB_Consume_HealHealth.dds,Prototype_Texture_UI_UIT_AB_Consume_HealHealth
../../Tools/Bin/Resources/Textures/UI/UIT_AB_Consume_HealRegion.dds,Prototype_Texture_UI_UIT_AB_Consume_HealRegion
../../Tools/Bin/Resources/Textures/UI/UIT_AB_Consume_Helper_Explosion.dds,Prototype_Texture_UI_UIT_AB_Consume_Helper_Explosion
../../Tools/Bin/Resources/Textures/UI/UIT_AB_Consume_HelperAcidAtk.dds,Prototype_Texture_UI_UIT_AB_Consume_HelperAcidAtk
../../Tools/Bin/Resources/Textures/UI/UIT_AB_Consume_HelperDestructionUp.dds,Prototype_Texture_UI_UIT_AB_Consume_HelperDestructionUp
../../Tools/Bin/Resources/Textures/UI/UIT_AB_Consume_HelperElecAtk.dds,Prototype_Texture_UI_UIT_AB_Consume_HelperElecAtk
../../Tools/Bin/Resources/Textures/UI/UIT_AB_Consume_HelperFireAtk.dds,Prototype_Texture_UI_UIT_AB_Consume_HelperFireAtk
../../Tools/Bin/Resources/Textures/UI/UIT_AB_Consume_HelperNoDeathOnce.dds,Prototype_Texture_UI_UIT_AB_Consume_HelperNoDeathOnce
../../Tools/Bin/Resources/Textures/UI/UIT_AB_Consume_HelperProvoke.dds,Prototype_Texture_UI_UIT_AB_Consume_HelperProvoke
../../Tools/Bin/Resources/Textures/UI/UIT_AB_Consume_NoDeathErgoDrop.dds,Prototype_Texture_UI_UIT_AB_Consume_NoDeathErgoDrop
../../Tools/Bin/Resources/Textures/UI/UIT_AB_Consume_NoWSCost.dds,Prototype_Texture_UI_UIT_AB_Consume_NoWSCost
../../Tools/Bin/Resources/Textures/UI/UIT_AB_Consume_PerfectGuard.dds,Prototype_Texture_UI_UIT_AB_Consume_PerfectGuard
../../Tools/Bin/Resources/Textures/UI/UIT_AB_Consume_ProtectDeathErgo.dds,Prototype_Texture_UI_UIT_AB_Consume_ProtectDeathErgo
../../Tools/Bin/Resources/Textures/UI/UIT_AB_Consume_ResistUp1.dds,Prototype_Texture_UI_UIT_AB_Consume_ResistUp1
../../Tools/Bin/Resources/Textures/UI/UIT_AB_Consume_ResistUp2.dds,Prototype_Texture_UI_UIT_AB_Consume_ResistUp2
../../Tools/Bin/Resources/Textures/UI/UIT_AB_Consume_StaminaMaxUp.dds,Prototype_Texture_UI_UIT_AB_Consume_StaminaMaxUp
../../Tools/Bin/Resources/Textures/UI/UIT_AB_Consume_StaminaRecoveryUp.dds,Prototype_Texture_UI_UIT_AB_Consume_StaminaRecoveryUp
../../Tools/Bin/Resources/Textures/UI/UIT_AB_Consume_WishStone_Friend.dds,Prototype_Texture_UI_UIT_AB_Consume_WishStone_Friend
../../Tools/Bin/Resources/Textures/UI/UIT_AB_Fable_AcidAtkUp.dds,Prototype_Texture_UI_UIT_AB_Fable_AcidAtkUp
../../Tools/Bin/Resources/Textures/UI/UIT_AB_Fable_AtkOnceUp.dds,Prototype_Texture_UI_UIT_AB_Fable_AtkOnceUp
../../Tools/Bin/Resources/Textures/UI/UIT_AB_Fable_AtkRangeUp.dds,Prototype_Texture_UI_UIT_AB_Fable_AtkRangeUp
../../Tools/Bin/Resources/Textures/UI/UIT_AB_Fable_AtkSpeedUp.dds,Prototype_Texture_UI_UIT_AB_Fable_AtkSpeedUp
../../Tools/Bin/Resources/Textures/UI/UIT_AB_Fable_AtkUp.dds,Prototype_Texture_UI_UIT_AB_Fable_AtkUp
../../Tools/Bin/Resources/Textures/UI/UIT_AB_Fable_CriRateUp.dds,Prototype_Texture_UI_UIT_AB_Fable_CriRateUp
../../Tools/Bin/Resources/Textures/UI/UIT_AB_Fable_ElecAtkUp.dds,Prototype_Texture_UI_UIT_AB_Fable_ElecAtkUp
../../Tools/Bin/Resources/Textures/UI/UIT_AB_Fable_Endure.dds,Prototype_Texture_UI_UIT_AB_Fable_Endure
../../Tools/Bin/Resources/Textures/UI/UIT_AB_Fable_FireAtkUp.dds,Prototype_Texture_UI_UIT_AB_Fable_FireAtkUp
../../Tools/Bin/Resources/Textures/UI/UIT_AB_Fable_MultiHit.dds,Prototype_Texture_UI_UIT_AB_Fable_MultiHit
../../Tools/Bin/Resources/Textures/UI/UIT_AB_Fable_StaCostDown.dds,Prototype_Texture_UI_UIT_AB_Fable_StaCostDown
../../Tools/Bin/Resources/Textures/UI/UIT_Icon_Buff_Acid_Defense_P.dds,Prototype_Texture_UI_UIT_Icon_Buff_Acid_Defense_P
../../Tools/Bin/Resources/Textures/UI/UIT_Icon_Buff_Acid_Resistance_A.dds,Prototype_Texture_UI_UIT_Icon_Buff_Acid_Resistance_A
../../Tools/Bin/Resources/Textures/UI/UIT_Icon_Buff_Acid_Resistance_P.dds,Prototype_Texture_UI_UIT_Icon_Buff_Acid_Resistance_P
../../Tools/Bin/Resources/Textures/UI/UIT_Icon_Buff_Advance_P.dds,Prototype_Texture_UI_UIT_Icon_Buff_Advance_P
../../Tools/Bin/Resources/Textures/UI/UIT_Icon_Buff_Ample_Acid.dds,Prototype_Texture_UI_UIT_Icon_Buff_Ample_Acid
../../Tools/Bin/Resources/Textures/UI/UIT_Icon_Buff_Ample_Contamination.dds,Prototype_Texture_UI_UIT_Icon_Buff_Ample_Contamination
../../Tools/Bin/Resources/Textures/UI/UIT_Icon_Buff_Ample_Electric.dds,Prototype_Texture_UI_UIT_Icon_Buff_Ample_Electric
../../Tools/Bin/Resources/Textures/UI/UIT_Icon_Buff_Ample_Fire.dds,Prototype_Texture_UI_UIT_Icon_Buff_Ample_Fire
../../Tools/Bin/Resources/Textures/UI/UIT_Icon_Buff_ArmsDamage_Increase_P.dds,Prototype_Texture_UI_UIT_Icon_Buff_ArmsDamage_Increase_P
../../Tools/Bin/Resources/Textures/UI/UIT_Icon_Buff_ArmsGage_Increase_P.dds,Prototype_Texture_UI_UIT_Icon_Buff_ArmsGage_Increase_P
../../Tools/Bin/Resources/Textures/UI/UIT_Icon_Buff_Capacity_P.dds,Prototype_Texture_UI_UIT_Icon_Buff_Capacity_P
../../Tools/Bin/Resources/Textures/UI/UIT_Icon_Buff_Cartridge_Stamina.dds,Prototype_Texture_UI_UIT_Icon_Buff_Cartridge_Stamina
../../Tools/Bin/Resources/Textures/UI/UIT_Icon_Buff_ChargeAttack_P.dds,Prototype_Texture_UI_UIT_Icon_Buff_ChargeAttack_P
../../Tools/Bin/Resources/Textures/UI/UIT_Icon_Buff_ChargedGear_P.dds,Prototype_Texture_UI_UIT_Icon_Buff_ChargedGear_P
../../Tools/Bin/Resources/Textures/UI/UIT_Icon_Buff_ChargeGear_P.dds,Prototype_Texture_UI_UIT_Icon_Buff_ChargeGear_P
../../Tools/Bin/Resources/Textures/UI/UIT_Icon_Buff_Collapsed_Resistance_A.dds,Prototype_Texture_UI_UIT_Icon_Buff_Collapsed_Resistance_A
../../Tools/Bin/Resources/Textures/UI/UIT_Icon_Buff_Collapsed_Resistance_P.dds,Prototype_Texture_UI_UIT_Icon_Buff_Collapsed_Resistance_P
../../Tools/Bin/Resources/Textures/UI/UIT_Icon_Buff_Contamination_Resistance_A.dds,Prototype_Texture_UI_UIT_Icon_Buff_Contamination_Resistance_A
../../Tools/Bin/Resources/Textures/UI/UIT_Icon_Buff_Contamination_Resistance_P.dds,Prototype_Texture_UI_UIT_Icon_Buff_Contamination_Resistance_P
../../Tools/Bin/Resources/Textures/UI/UIT_Icon_Buff_Destroyer_P.dds,Prototype_Texture_UI_UIT_Icon_Buff_Destroyer_P
../../Tools/Bin/Resources/Textures/UI/UIT_Icon_Buff_Durability_P.dds,Prototype_Texture_UI_UIT_Icon_Buff_Durability_P
../../Tools/Bin/Resources/Textures/UI/UIT_Icon_Buff_DustCat.dds,Prototype_Texture_UI_UIT_Icon_Buff_DustCat
../../Tools/Bin/Resources/Textures/UI/UIT_Icon_Buff_DustCat_A.dds,Prototype_Texture_UI_UIT_Icon_Buff_DustCat_A
../../Tools/Bin/Resources/Textures/UI/UIT_Icon_Buff_Ergo_Protect.dds,Prototype_Texture_UI_UIT_Icon_Buff_Ergo_Protect
../../Tools/Bin/Resources/Textures/UI/UIT_Icon_Buff_Ergo_Protect_A.dds,Prototype_Texture_UI_UIT_Icon_Buff_Ergo_Protect_A
../../Tools/Bin/Resources/Textures/UI/UIT_Icon_Buff_FatalAttack_P.dds,Prototype_Texture_UI_UIT_Icon_Buff_FatalAttack_P
../../Tools/Bin/Resources/Textures/UI/UIT_Icon_Buff_FireAttack.dds,Prototype_Texture_UI_UIT_Icon_Buff_FireAttack
../../Tools/Bin/Resources/Textures/UI/UIT_Icon_Buff_Flame_Defense_P.dds,Prototype_Texture_UI_UIT_Icon_Buff_Flame_Defense_P
../../Tools/Bin/Resources/Textures/UI/UIT_Icon_Buff_Flame_Resistance_A.dds,Prototype_Texture_UI_UIT_Icon_Buff_Flame_Resistance_A
../../Tools/Bin/Resources/Textures/UI/UIT_Icon_Buff_Flame_Resistance_P.dds,Prototype_Texture_UI_UIT_Icon_Buff_Flame_Resistance_P
../../Tools/Bin/Resources/Textures/UI/UIT_Icon_Buff_GetFatal_P.dds,Prototype_Texture_UI_UIT_Icon_Buff_GetFatal_P
../../Tools/Bin/Resources/Textures/UI/UIT_Icon_Buff_GuardRegain_P.dds,Prototype_Texture_UI_UIT_Icon_Buff_GuardRegain_P
../../Tools/Bin/Resources/Textures/UI/UIT_Icon_Buff_GuardStamina_P.dds,Prototype_Texture_UI_UIT_Icon_Buff_GuardStamina_P
../../Tools/Bin/Resources/Textures/UI/UIT_Icon_Buff_Health_P.dds,Prototype_Texture_UI_UIT_Icon_Buff_Health_P
../../Tools/Bin/Resources/Textures/UI/UIT_Icon_Buff_HP_P.dds,Prototype_Texture_UI_UIT_Icon_Buff_HP_P
../../Tools/Bin/Resources/Textures/UI/UIT_Icon_Buff_HPDotHeal.dds,Prototype_Texture_UI_UIT_Icon_Buff_HPDotHeal
../../Tools/Bin/Resources/Textures/UI/UIT_Icon_Buff_Lightning_Defense_P.dds,Prototype_Texture_UI_UIT_Icon_Buff_Lightning_Defense_P
../../Tools/Bin/Resources/Textures/UI/UIT_Icon_Buff_Lightning_Resistance_A.dds,Prototype_Texture_UI_UIT_Icon_Buff_Lightning_Resistance_A
../../Tools/Bin/Resources/Textures/UI/UIT_Icon_Buff_Lightning_Resistance_P.dds,Prototype_Texture_UI_UIT_Icon_Buff_Lightning_Resistance_P
../../Tools/Bin/Resources/Textures/UI/UIT_Icon_Buff_ListenerBless_A.dds,Prototype_Texture_UI_UIT_Icon_Buff_ListenerBless_A
../../Tools/Bin/Resources/Textures/UI/UIT_Icon_Buff_Motivity_P.dds,Prototype_Texture_UI_UIT_Icon_Buff_Motivity_P
../../Tools/Bin/Resources/Textures/UI/UIT_Icon_Buff_Possession_P.dds,Prototype_Texture_UI_UIT_Icon_Buff_Possession_P
../../Tools/Bin/Resources/Textures/UI/UIT_Icon_Buff_Sofia_P.dds,Prototype_Texture_UI_UIT_Icon_Buff_Sofia_P
../../Tools/Bin/Resources/Textures/UI/UIT_Icon_Buff_Stamina_A.dds,Prototype_Texture_UI_UIT_Icon_Buff_Stamina_A
../../Tools/Bin/Resources/Textures/UI/UIT_Icon_Buff_Stamina_P.dds,Prototype_Texture_UI_UIT_Icon_Buff_Stamina_P
../../Tools/Bin/Resources/Textures/UI/UIT_Icon_Buff_Stamina_Speed_P.dds,Prototype_Texture_UI_UIT_Icon_Buff_Stamina_Speed_P
../../Tools/Bin/Resources/Textures/UI/UIT_Icon_Buff_StaminaRecover.dds,Prototype_Texture_UI_UIT_Icon_Buff_StaminaRecover
../../Tools/Bin/Resources/Textures/UI/UIT_Icon_Buff_SteelShieldGear_P.dds,Prototype_Texture_UI_UIT_Icon_Buff_SteelShieldGear_P
../../Tools/Bin/Resources/Textures/UI/UIT_Icon_Buff_Tenacity_P.dds,Prototype_Texture_UI_UIT_Icon_Buff_Tenacity_P
../../Tools/Bin/Resources/Textures/UI/UIT_Icon_Buff_Vigor_P.dds,Prototype_Texture_UI_UIT_Icon_Buff_Vigor_P
../../Tools/Bin/Resources/Textures/UI/UIT_Icon_Buff_Weight_P.dds,Prototype_Texture_UI_UIT_Icon_Buff_Weight_P
../../Tools/Bin/Resources/Textures/UI/UIT_Icon_CanReinforeced.dds,Prototype_Texture_UI_UIT_Icon_CanReinforeced
../../Tools/Bin/Resources/Textures/UI/UIT_Icon_Change.dds,Prototype_Texture_UI_UIT_Icon_Change
../../Tools/Bin/Resources/Textures/UI/UIT_Icon_Cross.dds,Prototype_Texture_UI_UIT_Icon_Cross
../../Tools/Bin/Resources/Textures/UI/UIT_Icon_Debuff_Acid.dds,Prototype_Texture_UI_UIT_Icon_Debuff_Acid
../../Tools/Bin/Resources/Textures/UI/UIT_Icon_Debuff_Collapsed.dds,Prototype_Texture_UI_UIT_Icon_Debuff_Collapsed
../../Tools/Bin/Resources/Textures/UI/UIT_Icon_Debuff_Contamination.dds,Prototype_Texture_UI_UIT_Icon_Debuff_Contamination
../../Tools/Bin/Resources/Textures/UI/UIT_Icon_Debuff_Curse.dds,Prototype_Texture_UI_UIT_Icon_Debuff_Curse
../../Tools/Bin/Resources/Textures/UI/UIT_Icon_Debuff_Electricity.dds,Prototype_Texture_UI_UIT_Icon_Debuff_Electricity
../../Tools/Bin/Resources/Textures/UI/UIT_Icon_Debuff_Fire.dds,Prototype_Texture_UI_UIT_Icon_Debuff_Fire
../../Tools/Bin/Resources/Textures/UI/UIT_Icon_Debuff_Impact.dds,Prototype_Texture_UI_UIT_Icon_Debuff_Impact
../../Tools/Bin/Resources/Textures/UI/UIT_Icon_Debuff_Penetrate.dds,Prototype_Texture_UI_UIT_Icon_Debuff_Penetrate
../../Tools/Bin/Resources/Textures/UI/UIT_BG_Shadercompile.dds,Prototype_Texture_UI_UIT_BG_Shadercompile
../../Tools/Bin/Resources/Textures/UI/UIT_Img_Loading_10.dds,Prototype_Texture_UI_UIT_Img_Loading_10
../../Tools/Bin/Resources/Textures/UI/UIT_Loading_DeskBg.dds,Prototype_Texture_UI_UIT_Loading_DeskBg
../../Tools/Bin/Resources/Textures/UI/UIT_Loading_Object_0.dds,Prototype_Texture_UI_UIT_Loading_Object_0
../../Tools/Bin/Resources/Textures/UI/UIT_Loading_Object_1.dds,Prototype_Texture_UI_UIT_Loading_Object_1
../../Tools/Bin/Resources/Textures/UI/UIT_Loading_Object_2.dds,Prototype_Texture_UI_UIT_Loading_Object_2
../../Tools/Bin/Resources/Textures/UI/UIT_Loading_Object_3.dds,Prototype_Texture_UI_UIT_Loading_Object_3
../../Tools/Bin/Resources/Textures/UI/UIT_Loading_Object_4.dds,Prototype_Texture_UI_UIT_Loading_Object_4
../../Tools/Bin/Resources/Textures/UI/UIT_Loading_Object_5.dds,Prototype_Texture_UI_UIT_Loading_Object_5
../../Tools/Bin/Resources/Textures/UI/UIT_Loading_Paper_0.dds,Prototype_Texture_UI_UIT_Loading_Paper_0
../../Tools/Bin/Resources/Textures/UI/UIT_Loading_PhotoBg.dds,Prototype_Texture_UI_UIT_Loading_PhotoBg
../../Tools/Bin/Resources/Textures/UI/UIT_Loading_TipBg.dds,Prototype_Texture_UI_UIT_Loading_TipBg
../../Tools/Bin/Resources/Textures/UI/Logo_0.dds,Prototype_Texture_UI_Logo_0
